time_s,time_index,theta_deg,velocity
0.0362869333333333,32.0,63.25,129.34778345790798
0.0544304,48.0,65.75,115.59946652519692
0.0725738666666666,64.0,63.0,130.7550831619496
0.0907173333333333,80.0,63.75,126.55162024907509
0.1088608,96.0,63.5,127.94666034587895
0.1270042666666666,112.0,63.25,129.34778345790798
0.1451477333333333,128.0,65.5,116.94906407594183
0.1632912,144.0,65.0,119.66447737126715
0.1814346666666666,160.0,65.75,115.59946652519692
0.1995781333333333,176.0,172.25,-1885.6176524704356
0.2177216,192.0,173.5,-2252.336242260931
0.2358650666666666,208.0,174.25,-2548.5083788105044
0.2540085333333333,224.0,0.0,
0.272152,240.0,13.25,1089.8316951354225
0.2902954666666666,256.0,53.0,193.37801985353465
0.3084389333333333,272.0,0.0,
0.3265824,288.0,0.0,
0.3447258666666666,304.0,57.75,161.91598193318427
0.3628693333333333,320.0,43.0,275.1926522977007
0.3810128,336.0,48.75,225.0508398814418
0.3991562666666666,352.0,53.25,191.62821356453424
0.4172997333333333,368.0,59.25,152.67362984904142
0.4354432,384.0,66.5,111.5821168584894
0.4535866666666667,400.0,59.0,154.19363309064352
0.4717301333333333,416.0,47.75,233.09837695228657
0.4898736,432.0,39.25,314.0887834457104
0.5080170666666667,448.0,20.25,695.6024709572218
0.5261605333333333,464.0,66.5,111.5821168584894
0.544304,480.0,72.0,83.38131479800325
0.5624474666666667,496.0,71.75,84.62101403730162
0.5805909333333333,512.0,0.0,
0.5987344,528.0,174.25,-2548.5083788105044
0.6168778666666667,544.0,170.0,-1455.3717124331297
0.6350213333333333,560.0,51.75,202.3039205716764
0.6531648,576.0,48.25,229.0432671738834
0.6713082666666667,592.0,56.75,168.2482966876493
0.6894517333333333,608.0,62.0,136.4479655017699
0.7075952,624.0,68.0,103.681735252092
0.7257386666666666,640.0,61.75,137.88759828557627
0.7438821333333333,656.0,68.25,102.38151728006616
0.7620256,672.0,69.0,98.50768764100005
0.7801690666666666,688.0,72.5,80.9123850469892
0.7983125333333333,704.0,0.0,
0.816456,720.0,70.0,93.402514628412
0.8345994666666666,736.0,72.0,83.38131479800325
0.8527429333333333,752.0,70.0,93.402514628412
0.8708864000000001,768.0,69.25,97.22511328698938
0.8890298666666667,784.0,70.5,90.87436838804769
0.9071733333333334,800.0,67.25,107.61024190454502
0.9253168,816.0,66.0,114.25516395965548
0.9434602666666668,832.0,68.5,101.08581828150292
0.9616037333333334,848.0,65.0,119.66447737126715
0.9797472,864.0,65.75,115.59946652519692
0.9978906666666668,880.0,69.0,98.50768764100005
1.0160341333333334,896.0,69.0,98.50768764100005
1.0341776,912.0,68.0,103.681735252092
1.0523210666666667,928.0,64.5,122.4020812032964
1.0704645333333334,944.0,63.25,129.34778345790798
1.088608,960.0,68.0,103.681735252092
1.106751466666667,976.0,61.0,142.2475093089942
1.1248949333333331,992.0,65.0,119.66447737126715
1.1430384,1008.0,32.75,398.96249483947855
1.161181866666667,1024.0,32.0,410.679927056303
1.1793253333333331,1040.0,27.25,498.26104286647063
1.1974688,1056.0,26.5,514.7027000529482
1.2156122666666669,1072.0,5.5,2665.1140982864326
1.233755733333333,1088.0,0.0,
1.2518992,1104.0,56.0,173.09325235998662
1.2700426666666669,1120.0,41.25,292.6205100033129
1.288186133333333,1136.0,24.5,563.1040492980624
1.3063296,1152.0,175.75,-3453.256679672315
1.3244730666666666,1168.0,175.75,-3453.256679672315
1.3426165333333333,1184.0,174.0,-2441.5885736018977
1.36076,1200.0,53.0,193.37801985353465
1.3789034666666666,1216.0,53.0,193.37801985353465
1.3970469333333333,1232.0,57.75,161.91598193318427
1.4151904,1248.0,60.0,148.16037655502615
1.4333338666666666,1264.0,172.75,-2017.2082339451777
1.4514773333333333,1280.0,171.75,-1769.8862963933425
1.4696208,1296.0,175.25,-3088.3404233904535
1.4877642666666666,1312.0,174.25,-2548.5083788105044
1.5059077333333333,1328.0,73.75,74.79828780935783
1.5240512,1344.0,65.0,119.66447737126715
1.5421946666666666,1360.0,67.5,106.2960227965878
1.5603381333333333,1376.0,38.5,322.6171894988822
1.5784816,1392.0,23.25,597.3022526803339
1.5966250666666666,1408.0,175.75,-3453.256679672315
1.6147685333333333,1424.0,176.75,-4519.244497957409
1.632912,1440.0,0.0,
1.6510554666666666,1456.0,55.0,179.68816862843607
1.6691989333333332,1472.0,55.25,178.02453022079092
1.6873424,1488.0,62.0,136.4479655017699
1.7054858666666666,1504.0,59.75,149.6571187999542
1.7236293333333332,1520.0,61.0,142.2475093089942
1.7417728,1536.0,53.0,193.37801985353465
1.7599162666666668,1552.0,60.25,146.67115649191308
1.7780597333333334,1568.0,60.25,146.67115649191308
1.7962032,1584.0,60.25,146.67115649191308
1.8143466666666668,1600.0,58.75,155.72162746778054
1.8324901333333337,1616.0,0.0,
1.8506336,1632.0,177.5,-5877.594086769277
1.8687770666666668,1648.0,18.0,789.799149873305
1.8869205333333336,1664.0,48.5,227.03934741095833
1.905064,1680.0,46.0,247.81630865298092
1.9232074666666668,1696.0,49.25,221.1190585988823
1.9413509333333336,1712.0,18.0,789.799149873305
1.9594944,1728.0,0.0,
1.9776378666666667,1744.0,173.75,-2343.19236220742
1.9957813333333336,1760.0,174.25,-2548.5083788105044
2.0139248,1776.0,0.0,
2.0320682666666667,1792.0,0.0,
2.050211733333333,1808.0,90.0,1.571352267344189e-14
2.0683552,1824.0,39.0,316.9009135057174
2.0864986666666665,1840.0,37.0,340.54796709915576
2.1046421333333334,1856.0,36.75,343.65759779211066
2.1227856,1872.0,37.25,337.47414086093346
2.1409290666666667,1888.0,15.25,941.2760293160384
2.159072533333333,1904.0,10.0,1455.3717124331288
2.177216,1920.0,13.0,1111.548969179008
2.1953594666666665,1936.0,37.0,340.54796709915576
2.213502933333334,1952.0,36.75,343.65759779211066
2.2316464,1968.0,43.25,272.796475849207
2.2497898666666667,1984.0,23.5,590.1885839493378
2.267933333333333,2000.0,26.5,514.7027000529482
2.2860768,2016.0,33.5,387.7124912624736
2.3042202666666665,2032.0,36.75,343.65759779211066
2.3223637333333333,2048.0,33.25,391.4125304046281
2.3405072,2064.0,18.0,789.799149873305
2.3586506666666667,2080.0,4.0,3669.855563687796
2.3767941333333336,2096.0,177.5,-5877.594086769277
2.3949376,2112.0,174.0,-2441.5885736018977
2.413081066666667,2128.0,175.25,-3088.3404233904535
2.4312245333333333,2144.0,177.75,-6531.448229747725
2.449368,2160.0,0.0,
2.4675114666666667,2176.0,0.0,
2.4856549333333335,2192.0,0.0,
2.5037984,2208.0,0.0,
2.521941866666667,2224.0,0.0,
2.5400853333333333,2240.0,0.0,
2.5582288,2256.0,0.0,
2.576372266666666,2272.0,0.0,
2.5945157333333335,2288.0,0.0,
2.6126592,2304.0,3.5,4195.721164829952
2.630802666666667,2320.0,0.0,
2.6489461333333333,2336.0,174.25,-2548.5083788105044
2.6670896,2352.0,176.5,-4195.721164829961
2.6852330666666666,2368.0,9.5,1533.5084188688866
2.7033765333333335,2384.0,0.0,
2.72152,2400.0,0.0,
2.739663466666667,2416.0,148.25,-414.6953995522532
2.7578069333333333,2432.0,6.25,2343.19236220742
2.7759504,2448.0,0.0,
2.7940938666666666,2464.0,176.0,-3669.855563687785
2.8122373333333335,2480.0,177.5,-5877.594086769277
2.8303808,2496.0,0.0,
2.848524266666667,2512.0,0.0,
2.8666677333333332,2528.0,0.0,
2.8848112,2544.0,9.75,1493.4479949092265
2.9029546666666666,2560.0,30.5,435.6565164089703
2.9210981333333335,2576.0,63.5,127.94666034587895
2.9392416,2592.0,171.75,-1769.8862963933425
2.957385066666667,2608.0,68.5,101.08581828150292
2.9755285333333332,2624.0,63.25,129.34778345790798
2.993672,2640.0,66.0,114.25516395965548
3.0118154666666666,2656.0,65.75,115.59946652519692
3.0299589333333334,2672.0,64.75,121.03046244371558
3.0481024,2688.0,65.0,119.66447737126715
3.0662458666666668,2704.0,48.0,231.0628562485712
3.084389333333333,2720.0,58.25,158.80207886049507
3.1025328,2736.0,176.0,-3669.855563687785
3.1206762666666665,2752.0,62.0,136.4479655017699
3.1388197333333334,2768.0,2.25,6531.448229747709
3.1569632,2784.0,67.25,107.61024190454502
3.1751066666666667,2800.0,63.5,127.94666034587895
3.193250133333333,2816.0,61.25,140.78726615276193
3.2113936,2832.0,33.0,395.1621486258065
3.2295370666666665,2848.0,21.75,643.2263683164165
3.2476805333333334,2864.0,0.0,
3.265824,2880.0,90.0,1.571352267344189e-14
3.2839674666666667,2896.0,55.0,179.68816862843607
3.302110933333333,2912.0,60.75,143.71483321022643
3.3202544,2928.0,0.0,
3.3383978666666665,2944.0,176.0,-3669.855563687785
3.356541333333334,2960.0,171.75,-1769.8862963933425
3.3746848,2976.0,0.0,
3.3928282666666667,2992.0,53.25,191.62821356453424
3.410971733333333,3008.0,63.5,127.94666034587895
3.4291152,3024.0,65.0,119.66447737126715
3.4472586666666665,3040.0,62.0,136.4479655017699
3.465402133333334,3056.0,56.0,173.09325235998662
3.4835456,3072.0,58.0,160.35478533079834
3.5016890666666667,3088.0,57.0,166.6518207064954
3.5198325333333336,3104.0,55.0,179.68816862843607
3.537976,3120.0,0.0,
3.556119466666667,3136.0,65.75,115.59946652519692
3.5742629333333333,3152.0,70.25,92.13646120746093
3.5924064,3168.0,71.5,85.86428581831031
3.610549866666666,3184.0,75.25,67.56274988263415
3.6286933333333335,3200.0,51.0,207.80783120586773
3.6468368,3216.0,49.25,221.1190585988823
3.664980266666667,3232.0,51.0,207.80783120586773
3.6831237333333338,3248.0,55.25,178.02453022079092
3.7012672,3264.0,59.25,152.67362984904142
3.719410666666666,3280.0,62.5,133.58859317783427
3.7375541333333335,3296.0,47.25,237.2182895492563
3.7556976,3312.0,173.25,-2168.1824150222715
3.773841066666667,3328.0,18.5,766.9602200166219
3.7919845333333337,3344.0,177.75,-6531.448229747725
3.810128,3360.0,0.0,
3.828271466666666,3376.0,74.5,71.16738498022842
3.8464149333333335,3392.0,62.0,136.4479655017699
3.8645584,3408.0,66.75,110.25321141392983
3.882701866666667,3424.0,58.5,157.25773480883058
3.9008453333333337,3440.0,55.75,174.72722383293814
3.9189888,3456.0,58.5,157.25773480883058
3.9371322666666666,3472.0,54.25,184.74090097948533
3.9552757333333335,3488.0,59.25,152.67362984904142
3.9734192,3504.0,64.5,122.4020812032964
3.991562666666667,3520.0,173.75,-2343.19236220742
4.009706133333333,3536.0,177.5,-5877.594086769277
4.0278496,3552.0,171.5,-1717.0932114556838
4.045993066666667,3568.0,176.0,-3669.855563687785
4.0641365333333335,3584.0,53.0,193.37801985353465
4.08228,3600.0,52.25,198.69744007933423
4.100423466666666,3616.0,49.5,219.17529569052775
4.118566933333334,3632.0,58.25,158.80207886049507
4.1367104,3648.0,51.75,202.3039205716764
4.154853866666667,3664.0,175.75,-3453.256679672315
4.172997333333333,3680.0,53.5,189.88977292097647
4.1911408,3696.0,0.0,
4.209284266666667,3712.0,0.0,
4.227427733333333,3728.0,53.25,191.62821356453424
4.2455712,3744.0,56.75,168.2482966876493
4.263714666666667,3760.0,63.5,127.94666034587895
4.281858133333333,3776.0,67.25,107.61024190454502
4.3000016,3792.0,49.75,217.24596645518557
4.318145066666666,3808.0,172.5,-1949.2322938384605
4.336288533333334,3824.0,172.25,-1885.6176524704356
4.354432,3840.0,68.5,101.08581828150292
4.3725754666666665,3856.0,72.0,83.38131479800325
4.390718933333333,3872.0,70.0,93.402514628412
4.4088624,3888.0,71.0,88.36179970071956
4.427005866666667,3904.0,70.0,93.402514628412
4.445149333333333,3920.0,68.75,99.7945656567389
4.4632928,3936.0,66.75,110.25321141392983
4.481436266666667,3952.0,62.5,133.58859317783427
4.499579733333333,3968.0,68.0,103.681735252092
4.5177232,3984.0,68.75,99.7945656567389
4.535866666666666,4000.0,70.5,90.87436838804769
4.554010133333334,4016.0,71.25,87.11119315315771
4.5721536,4032.0,71.25,87.11119315315771
4.5902970666666665,4048.0,67.5,106.2960227965878
4.608440533333333,4064.0,68.5,101.08581828150292
4.626584,4080.0,68.0,103.681735252092
4.644727466666667,4096.0,70.0,93.402514628412
4.662870933333333,4112.0,71.25,87.11119315315771
4.6810144000000005,4128.0,71.75,84.62101403730162
4.699157866666667,4144.0,71.0,88.36179970071956
4.717301333333333,4160.0,69.5,95.94677244781872
4.7354448,4176.0,68.0,103.681735252092
4.753588266666667,4192.0,67.5,106.2960227965878
4.771731733333334,4208.0,68.5,101.08581828150292
4.7898752,4224.0,69.5,95.94677244781872
4.808018666666666,4240.0,72.0,83.38131479800325
4.826162133333334,4256.0,69.25,97.22511328698938
4.8443056,4272.0,70.0,93.402514628412
4.862449066666667,4288.0,68.0,103.681735252092
4.880592533333333,4304.0,66.5,111.5821168584894
4.898736,4320.0,64.0,125.1625708627523
4.916879466666667,4336.0,65.5,116.94906407594183
4.935022933333333,4352.0,69.25,97.22511328698938
4.9531664,4368.0,72.25,82.14512572119739
4.971309866666667,4384.0,72.25,82.14512572119739
4.9894533333333335,4400.0,69.25,97.22511328698938
5.0075968,4416.0,66.5,111.5821168584894
5.025740266666666,4432.0,66.25,112.91607439036146
5.043883733333334,4448.0,67.5,106.2960227965878
5.0620272,4464.0,69.25,97.22511328698938
5.080170666666667,4480.0,71.0,88.36179970071956
5.098314133333333,4496.0,70.25,92.13646120746093
5.1164576,4512.0,69.5,95.94677244781872
5.134601066666667,4528.0,69.75,94.67259576027487
5.152744533333333,4544.0,67.75,104.98654564989876
5.170888,4560.0,66.0,114.25516395965548
5.189031466666667,4576.0,71.0,88.36179970071956
5.2071749333333335,4592.0,71.0,88.36179970071956
5.2253184,4608.0,71.75,84.62101403730162
5.243461866666666,4624.0,70.75,89.61616978071207
5.261605333333334,4640.0,70.0,93.402514628412
5.2797488,4656.0,70.25,92.13646120746093
5.297892266666667,4672.0,69.75,94.67259576027487
5.316035733333333,4688.0,68.75,99.7945656567389
5.3341792,4704.0,70.5,90.87436838804769
5.352322666666667,4720.0,72.75,79.68303162146198
5.370466133333333,4736.0,74.0,73.58497362281058
5.3886096,4752.0,0.0,
5.406753066666667,4768.0,175.75,-3453.256679672315
5.424896533333333,4784.0,69.25,97.22511328698938
5.44304,4800.0,70.5,90.87436838804769
5.461183466666666,4816.0,72.0,83.38131479800325
5.479326933333334,4832.0,70.25,92.13646120746093
5.4974704,4848.0,72.5,80.9123850469892
5.5156138666666665,4864.0,72.5,80.9123850469892
5.533757333333333,4880.0,71.5,85.86428581831031
5.5519008,4896.0,73.25,77.23424485225071
5.570044266666667,4912.0,71.75,84.62101403730162
5.588187733333333,4928.0,71.5,85.86428581831031
5.6063312,4944.0,69.0,98.50768764100005
5.624474666666667,4960.0,71.75,84.62101403730162
5.642618133333333,4976.0,71.75,84.62101403730162
5.6607616,4992.0,177.25,-5342.554601533468
5.678905066666666,5008.0,71.0,88.36179970071956
5.697048533333334,5024.0,70.0,93.402514628412
5.715192,5040.0,71.5,85.86428581831031
5.7333354666666665,5056.0,71.0,88.36179970071956
5.751478933333333,5072.0,73.0,78.45700488356816
5.7696224,5088.0,76.5,61.609323224357375
5.787765866666667,5104.0,73.25,77.23424485225071
5.805909333333333,5120.0,74.5,71.16738498022842
5.8240528000000005,5136.0,73.75,74.79828780935783
5.842196266666667,5152.0,71.5,85.86428581831031
5.860339733333333,5168.0,0.0,
5.8784832,5184.0,70.75,89.61616978071207
5.896626666666667,5200.0,73.75,74.79828780935783
5.914770133333334,5216.0,74.25,72.37469176865274
5.9329136,5232.0,72.5,80.9123850469892
5.9510570666666665,5248.0,71.5,85.86428581831031
5.969200533333334,5264.0,69.0,98.50768764100005
5.987344,5280.0,69.5,95.94677244781872
6.005487466666667,5296.0,71.5,85.86428581831031
6.023630933333333,5312.0,71.0,88.36179970071956
6.0417744,5328.0,72.0,83.38131479800325
6.059917866666667,5344.0,73.0,78.45700488356816
6.078061333333333,5360.0,0.0,
6.0962048,5376.0,72.75,79.68303162146198
6.114348266666667,5392.0,72.75,79.68303162146198
6.1324917333333335,5408.0,73.5,76.01469211378823
6.1506352,5424.0,76.0,63.982876181574035
6.168778666666666,5440.0,73.0,78.45700488356816
6.186922133333334,5456.0,74.0,73.58497362281058
6.2050656,5472.0,68.75,99.7945656567389
6.223209066666667,5488.0,68.5,101.08581828150292
6.241352533333333,5504.0,69.0,98.50768764100005
6.259496,5520.0,70.5,90.87436838804769
6.277639466666667,5536.0,68.75,99.7945656567389
6.295782933333333,5552.0,68.5,101.08581828150292
6.3139264,5568.0,71.75,84.62101403730162
6.332069866666667,5584.0,72.25,82.14512572119739
6.3502133333333335,5600.0,73.75,74.79828780935783
6.3683568,5616.0,72.5,80.9123850469892
6.386500266666666,5632.0,70.75,89.61616978071207
6.404643733333334,5648.0,73.0,78.45700488356816
6.4227872,5664.0,73.75,74.79828780935783
6.440930666666667,5680.0,75.0,68.76147005860551
6.459074133333333,5696.0,74.25,72.37469176865274
6.4772176,5712.0,72.75,79.68303162146198
6.495361066666667,5728.0,72.0,83.38131479800325
6.513504533333333,5744.0,71.25,87.11119315315771
6.531648,5760.0,71.75,84.62101403730162
6.549791466666667,5776.0,70.25,92.13646120746093
6.5679349333333334,5792.0,71.5,85.86428581831031
6.5860784,5808.0,72.75,79.68303162146198
6.604221866666666,5824.0,73.5,76.01469211378823
6.622365333333334,5840.0,74.25,72.37469176865274
6.6405088,5856.0,72.5,80.9123850469892
6.6586522666666665,5872.0,71.0,88.36179970071956
6.676795733333333,5888.0,70.5,90.87436838804769
6.6949392,5904.0,71.5,85.86428581831031
6.713082666666667,5920.0,72.25,82.14512572119739
6.731226133333333,5936.0,0.0,
6.7493696,5952.0,176.25,-3915.2844363020095
6.767513066666667,5968.0,0.0,
6.785656533333333,5984.0,71.75,84.62101403730162
6.8038,6000.0,71.75,84.62101403730162
6.821943466666666,6016.0,71.0,88.36179970071956
6.840086933333334,6032.0,73.75,74.79828780935783
6.8582304,6048.0,73.0,78.45700488356816
6.8763738666666665,6064.0,73.25,77.23424485225071
6.894517333333333,6080.0,70.75,89.61616978071207
6.9126608,6096.0,69.25,97.22511328698938
6.930804266666667,6112.0,68.75,99.7945656567389
6.948947733333333,6128.0,67.25,107.61024190454502
6.9670912000000005,6144.0,71.25,87.11119315315771
6.985234666666667,6160.0,73.25,77.23424485225071
7.003378133333333,6176.0,76.0,63.982876181574035
7.0215216,6192.0,0.0,
7.039665066666667,6208.0,175.75,-3453.256679672315
7.057808533333334,6224.0,72.25,82.14512572119739
7.075952,6240.0,69.25,97.22511328698938
7.0940954666666665,6256.0,70.0,93.402514628412
7.112238933333334,6272.0,68.75,99.7945656567389
7.1303824,6288.0,72.25,82.14512572119739
7.148525866666667,6304.0,0.0,
7.166669333333333,6320.0,71.75,84.62101403730162
7.1848128,6336.0,71.5,85.86428581831031
7.202956266666667,6352.0,70.0,93.402514628412
7.221099733333333,6368.0,68.0,103.681735252092
7.2392432,6384.0,72.75,79.68303162146198
7.257386666666667,6400.0,72.75,79.68303162146198
7.275530133333333,6416.0,75.25,67.56274988263415
7.2936736,6432.0,73.5,76.01469211378823
7.311817066666666,6448.0,73.0,78.45700488356816
7.329960533333334,6464.0,71.25,87.11119315315771
7.348104,6480.0,71.0,88.36179970071956
7.366247466666667,6496.0,68.0,103.681735252092
7.384390933333333,6512.0,69.5,95.94677244781872
7.4025344,6528.0,72.5,80.9123850469892
7.420677866666667,6544.0,74.75,69.9629964980978
7.438821333333333,6560.0,73.5,76.01469211378823
7.4569648,6576.0,73.5,76.01469211378823
7.475108266666667,6592.0,73.75,74.79828780935783
7.493251733333333,6608.0,72.5,80.9123850469892
7.5113952,6624.0,73.75,74.79828780935783
7.529538666666666,6640.0,74.75,69.9629964980978
7.547682133333334,6656.0,73.75,74.79828780935783
7.5658256,6672.0,72.75,79.68303162146198
7.583969066666667,6688.0,70.5,90.87436838804769
7.602112533333333,6704.0,69.75,94.67259576027487
7.620256,6720.0,70.25,92.13646120746093
7.638399466666667,6736.0,71.0,88.36179970071956
7.656542933333333,6752.0,72.5,80.9123850469892
7.6746864,6768.0,73.0,78.45700488356816
7.692829866666667,6784.0,73.75,74.79828780935783
7.710973333333333,6800.0,175.75,-3453.256679672315
7.7291168,6816.0,173.5,-2252.336242260931
7.747260266666666,6832.0,173.75,-2343.19236220742
7.765403733333334,6848.0,71.5,85.86428581831031
7.7835472,6864.0,72.75,79.68303162146198
7.801690666666667,6880.0,73.25,77.23424485225071
7.819834133333333,6896.0,78.25,53.377307134788815
7.8379776,6912.0,75.75,65.1735075612528
7.856121066666667,6928.0,75.25,67.56274988263415
7.874264533333333,6944.0,74.5,71.16738498022842
7.892408,6960.0,71.0,88.36179970071956
7.910551466666667,6976.0,71.5,85.86428581831031
7.928694933333333,6992.0,72.5,80.9123850469892
7.9468384,7008.0,72.25,82.14512572119739
7.964981866666666,7024.0,73.25,77.23424485225071
7.983125333333334,7040.0,69.75,94.67259576027487
8.0012688,7056.0,69.25,97.22511328698938
8.019412266666667,7072.0,69.75,94.67259576027487
8.037555733333333,7088.0,69.75,94.67259576027487
8.0556992,7104.0,69.5,95.94677244781872
8.073842666666666,7120.0,71.0,88.36179970071956
8.091986133333334,7136.0,75.0,68.76147005860551
8.1101296,7152.0,73.75,74.79828780935783
8.128273066666667,7168.0,73.5,76.01469211378823
8.146416533333333,7184.0,70.75,89.61616978071207
8.16456,7200.0,69.25,97.22511328698938
8.182703466666666,7216.0,68.75,99.7945656567389
8.200846933333333,7232.0,70.5,90.87436838804769
8.218990400000001,7248.0,73.25,77.23424485225071
8.237133866666667,7264.0,73.5,76.01469211378823
8.255277333333334,7280.0,73.25,77.23424485225071
8.2734208,7296.0,71.0,88.36179970071956
8.291564266666667,7312.0,69.25,97.22511328698938
8.309707733333333,7328.0,67.0,108.9292790943252
8.3278512,7344.0,67.5,106.2960227965878
8.345994666666666,7360.0,69.5,95.94677244781872
8.364138133333334,7376.0,72.25,82.14512572119739
8.3822816,7392.0,72.5,80.9123850469892
8.400425066666667,7408.0,175.75,-3453.256679672315
8.418568533333334,7424.0,72.0,83.38131479800325
8.436712,7440.0,67.25,107.61024190454502
8.454855466666666,7456.0,70.25,92.13646120746093
8.472998933333333,7472.0,72.5,80.9123850469892
8.4911424,7488.0,76.0,63.982876181574035
8.509285866666668,7504.0,75.5,66.36678066453814
8.527429333333334,7520.0,75.5,66.36678066453814
8.5455728,7536.0,72.5,80.9123850469892
8.563716266666667,7552.0,72.75,79.68303162146198
8.581859733333333,7568.0,70.75,89.61616978071207
8.6000032,7584.0,68.0,103.681735252092
8.618146666666666,7600.0,62.0,136.4479655017699
8.636290133333333,7616.0,77.0,59.245695303394136
8.6544336,7632.0,0.0,
8.672577066666667,7648.0,74.75,69.9629964980978
8.690720533333334,7664.0,75.0,68.76147005860551
8.708864,7680.0,73.0,78.45700488356816
8.727007466666667,7696.0,72.25,82.14512572119739
8.745150933333333,7712.0,72.25,82.14512572119739
8.7632944,7728.0,72.0,83.38131479800325
8.781437866666666,7744.0,71.75,84.62101403730162
8.799581333333334,7760.0,71.0,88.36179970071956
8.8177248,7776.0,70.25,92.13646120746093
8.835868266666667,7792.0,69.0,98.50768764100005
8.854011733333333,7808.0,69.5,95.94677244781872
8.8721552,7824.0,72.0,83.38131479800325
8.890298666666666,7840.0,74.5,71.16738498022842
8.908442133333333,7856.0,76.0,63.982876181574035
8.9265856,7872.0,75.0,68.76147005860551
8.944729066666667,7888.0,72.0,83.38131479800325
8.962872533333334,7904.0,72.25,82.14512572119739
8.981016,7920.0,72.5,80.9123850469892
8.999159466666667,7936.0,72.25,82.14512572119739
9.017302933333331,7952.0,73.5,76.01469211378823
9.0354464,7968.0,72.25,82.14512572119739
9.053589866666666,7984.0,74.75,69.9629964980978
9.071733333333333,8000.0,73.0,78.45700488356816
9.0898768,8016.0,72.25,82.14512572119739
9.108020266666667,8032.0,72.0,83.38131479800325
9.126163733333334,8048.0,70.5,90.87436838804769
9.1443072,8064.0,73.5,76.01469211378823
9.162450666666668,8080.0,74.25,72.37469176865274
9.180594133333331,8096.0,75.25,67.56274988263415
9.1987376,8112.0,76.0,63.982876181574035
9.216881066666666,8128.0,72.0,83.38131479800325
9.235024533333334,8144.0,72.75,79.68303162146198
9.253168,8160.0,73.0,78.45700488356816
9.271311466666669,8176.0,72.75,79.68303162146198
9.289454933333332,8192.0,73.5,76.01469211378823
9.3075984,8208.0,73.75,74.79828780935783
9.325741866666666,8224.0,73.75,74.79828780935783
9.343885333333333,8240.0,177.25,-5342.554601533468
9.3620288,8256.0,174.5,-2665.1140982864345
9.380172266666667,8272.0,69.5,95.94677244781872
9.398315733333334,8288.0,68.75,99.7945656567389
9.4164592,8304.0,71.25,87.11119315315771
9.434602666666668,8320.0,72.0,83.38131479800325
9.452746133333331,8336.0,73.25,77.23424485225071
9.4708896,8352.0,74.5,71.16738498022842
9.489033066666666,8368.0,73.0,78.45700488356816
9.507176533333334,8384.0,69.25,97.22511328698938
9.52532,8400.0,71.0,88.36179970071956
9.543463466666667,8416.0,71.75,84.62101403730162
9.561606933333334,8432.0,71.25,87.11119315315771
9.5797504,8448.0,71.5,85.86428581831031
9.597893866666666,8464.0,72.5,80.9123850469892
9.616037333333333,8480.0,73.0,78.45700488356816
9.6341808,8496.0,70.75,89.61616978071207
9.652324266666668,8512.0,70.75,89.61616978071207
9.670467733333334,8528.0,69.5,95.94677244781872
9.6886112,8544.0,72.0,83.38131479800325
9.706754666666669,8560.0,71.75,84.62101403730162
9.724898133333332,8576.0,73.75,74.79828780935783
9.7430416,8592.0,76.0,63.982876181574035
9.761185066666666,8608.0,74.5,71.16738498022842
9.779328533333333,8624.0,73.0,78.45700488356816
9.797472,8640.0,70.5,90.87436838804769
9.815615466666667,8656.0,71.25,87.11119315315771
9.833758933333334,8672.0,72.0,83.38131479800325
9.8519024,8688.0,73.0,78.45700488356816
9.870045866666668,8704.0,73.5,76.01469211378823
9.888189333333331,8720.0,74.25,72.37469176865274
9.9063328,8736.0,74.75,69.9629964980978
9.924476266666666,8752.0,72.5,80.9123850469892
9.942619733333334,8768.0,70.25,92.13646120746093
9.9607632,8784.0,70.5,90.87436838804769
9.978906666666669,8800.0,72.5,80.9123850469892
9.997050133333332,8816.0,72.0,83.38131479800325
10.0151936,8832.0,72.5,80.9123850469892
10.033337066666666,8848.0,73.75,74.79828780935783
10.051480533333333,8864.0,73.5,76.01469211378823
10.069624,8880.0,73.25,77.23424485225071
10.087767466666667,8896.0,72.5,80.9123850469892
10.105910933333334,8912.0,72.0,83.38131479800325
10.1240544,8928.0,72.25,82.14512572119739
10.142197866666669,8944.0,72.0,83.38131479800325
10.160341333333331,8960.0,75.0,68.76147005860551
10.1784848,8976.0,73.0,78.45700488356816
10.196628266666666,8992.0,73.0,78.45700488356816
10.214771733333333,9008.0,71.5,85.86428581831031
10.2329152,9024.0,67.5,106.2960227965878
10.251058666666667,9040.0,69.75,94.67259576027487
10.269202133333334,9056.0,70.0,93.402514628412
10.2873456,9072.0,72.75,79.68303162146198
10.305489066666668,9088.0,72.25,82.14512572119739
10.323632533333331,9104.0,71.5,85.86428581831031
10.341776,9120.0,71.0,88.36179970071956
10.359919466666666,9136.0,72.0,83.38131479800325
10.378062933333334,9152.0,72.0,83.38131479800325
10.3962064,9168.0,73.25,77.23424485225071
10.414349866666669,9184.0,74.5,71.16738498022842
10.432493333333332,9200.0,73.25,77.23424485225071
10.4506368,9216.0,72.5,80.9123850469892
10.468780266666666,9232.0,69.25,97.22511328698938
10.486923733333333,9248.0,70.0,93.402514628412
10.5050672,9264.0,73.0,78.45700488356816
10.523210666666667,9280.0,74.5,71.16738498022842
10.541354133333334,9296.0,74.75,69.9629964980978
10.5594976,9312.0,75.75,65.1735075612528
10.577641066666668,9328.0,74.25,72.37469176865274
10.595784533333331,9344.0,71.75,84.62101403730162
10.613928,9360.0,71.5,85.86428581831031
10.632071466666666,9376.0,72.0,83.38131479800325
10.650214933333334,9392.0,71.75,84.62101403730162
10.6683584,9408.0,72.5,80.9123850469892
10.686501866666667,9424.0,71.75,84.62101403730162
10.704645333333334,9440.0,74.5,71.16738498022842
10.7227888,9456.0,72.25,82.14512572119739
10.740932266666666,9472.0,72.75,79.68303162146198
10.759075733333331,9488.0,72.25,82.14512572119739
10.7772192,9504.0,70.0,93.402514628412
10.795362666666668,9520.0,70.5,90.87436838804769
10.813506133333334,9536.0,71.5,85.86428581831031
10.8316496,9552.0,71.25,87.11119315315771
10.849793066666669,9568.0,72.5,80.9123850469892
10.867936533333332,9584.0,73.25,77.23424485225071
10.88608,9600.0,171.5,-1717.0932114556838
10.904223466666666,9616.0,70.5,90.87436838804769
10.922366933333333,9632.0,72.0,83.38131479800325
10.9405104,9648.0,73.25,77.23424485225071
10.958653866666667,9664.0,74.25,72.37469176865274
10.976797333333334,9680.0,74.0,73.58497362281058
10.9949408,9696.0,72.5,80.9123850469892
11.013084266666668,9712.0,72.0,83.38131479800325
11.031227733333331,9728.0,68.5,101.08581828150292
11.0493712,9744.0,70.0,93.402514628412
11.067514666666666,9760.0,71.25,87.11119315315771
11.085658133333334,9776.0,72.25,82.14512572119739
11.1038016,9792.0,73.75,74.79828780935783
11.121945066666669,9808.0,73.75,74.79828780935783
11.140088533333332,9824.0,71.5,85.86428581831031
11.158232,9840.0,71.25,87.11119315315771
11.176375466666666,9856.0,70.5,90.87436838804769
11.194518933333333,9872.0,71.0,88.36179970071956
11.2126624,9888.0,70.5,90.87436838804769
11.230805866666667,9904.0,73.25,77.23424485225071
11.248949333333334,9920.0,74.5,71.16738498022842
11.2670928,9936.0,72.0,83.38131479800325
11.285236266666669,9952.0,72.5,80.9123850469892
11.303379733333331,9968.0,70.5,90.87436838804769
11.3215232,9984.0,67.5,106.2960227965878
11.339666666666666,10000.0,71.25,87.11119315315771
11.357810133333333,10016.0,71.5,85.86428581831031
11.3759536,10032.0,71.5,85.86428581831031
11.394097066666667,10048.0,74.25,72.37469176865274
11.412240533333334,10064.0,71.75,84.62101403730162
11.430384,10080.0,72.0,83.38131479800325
11.448527466666668,10096.0,69.5,95.94677244781872
11.466670933333331,10112.0,70.5,90.87436838804769
11.4848144,10128.0,71.0,88.36179970071956
11.502957866666666,10144.0,71.25,87.11119315315771
11.521101333333334,10160.0,72.5,80.9123850469892
11.5392448,10176.0,72.5,80.9123850469892
11.557388266666669,10192.0,72.5,80.9123850469892
11.575531733333332,10208.0,71.75,84.62101403730162
11.5936752,10224.0,72.5,80.9123850469892
11.611818666666666,10240.0,71.0,88.36179970071956
11.629962133333333,10256.0,71.25,87.11119315315771
11.6481056,10272.0,72.0,83.38131479800325
11.666249066666667,10288.0,74.0,73.58497362281058
11.684392533333334,10304.0,75.0,68.76147005860551
11.702536,10320.0,73.25,77.23424485225071
11.720679466666668,10336.0,72.25,82.14512572119739
11.738822933333331,10352.0,71.25,87.11119315315771
11.7569664,10368.0,72.25,82.14512572119739
11.775109866666666,10384.0,74.0,73.58497362281058
11.793253333333334,10400.0,74.75,69.9629964980978
11.8113968,10416.0,75.25,67.56274988263415
11.829540266666667,10432.0,73.75,74.79828780935783
11.847683733333334,10448.0,73.75,74.79828780935783
11.8658272,10464.0,72.5,80.9123850469892
11.883970666666666,10480.0,72.0,83.38131479800325
11.902114133333331,10496.0,71.75,84.62101403730162
11.9202576,10512.0,73.75,74.79828780935783
11.938401066666668,10528.0,75.25,67.56274988263415
11.956544533333334,10544.0,73.75,74.79828780935783
11.974688,10560.0,74.5,71.16738498022842
11.992831466666669,10576.0,70.0,93.402514628412
12.010974933333332,10592.0,69.25,97.22511328698938
12.0291184,10608.0,69.75,94.67259576027487
12.047261866666666,10624.0,71.0,88.36179970071956
12.065405333333333,10640.0,73.0,78.45700488356816
12.0835488,10656.0,72.0,83.38131479800325
12.101692266666667,10672.0,70.5,90.87436838804769
12.119835733333334,10688.0,72.5,80.9123850469892
12.1379792,10704.0,73.0,78.45700488356816
12.156122666666668,10720.0,71.5,85.86428581831031
12.174266133333331,10736.0,73.5,76.01469211378823
12.1924096,10752.0,73.25,77.23424485225071
12.210553066666666,10768.0,75.75,65.1735075612528
12.228696533333334,10784.0,73.25,77.23424485225071
12.24684,10800.0,74.5,71.16738498022842
12.264983466666669,10816.0,72.0,83.38131479800325
12.283126933333332,10832.0,70.0,93.402514628412
12.3012704,10848.0,72.0,83.38131479800325
12.319413866666666,10864.0,69.75,94.67259576027487
12.337557333333333,10880.0,75.5,66.36678066453814
12.3557008,10896.0,75.25,67.56274988263415
12.373844266666667,10912.0,75.0,68.76147005860551
12.391987733333334,10928.0,72.5,80.9123850469892
12.4101312,10944.0,72.0,83.38131479800325
12.428274666666669,10960.0,71.0,88.36179970071956
12.446418133333331,10976.0,72.5,80.9123850469892
12.4645616,10992.0,73.25,77.23424485225071
12.482705066666666,11008.0,73.75,74.79828780935783
12.500848533333333,11024.0,75.75,65.1735075612528
12.518992,11040.0,72.75,79.68303162146198
12.537135466666667,11056.0,72.25,82.14512572119739
12.555278933333334,11072.0,72.25,82.14512572119739
12.5734224,11088.0,73.25,77.23424485225071
12.591565866666668,11104.0,72.0,83.38131479800325
12.609709333333331,11120.0,73.75,74.79828780935783
12.6278528,11136.0,74.75,69.9629964980978
12.645996266666666,11152.0,72.0,83.38131479800325
12.664139733333334,11168.0,71.75,84.62101403730162
12.6822832,11184.0,71.5,85.86428581831031
12.700426666666669,11200.0,71.75,84.62101403730162
12.718570133333332,11216.0,71.25,87.11119315315771
12.7367136,11232.0,72.75,79.68303162146198
12.754857066666666,11248.0,73.75,74.79828780935783
12.773000533333333,11264.0,73.75,74.79828780935783
12.791144,11280.0,172.5,-1949.2322938384605
12.809287466666667,11296.0,72.75,79.68303162146198
12.827430933333334,11312.0,70.25,92.13646120746093
12.8455744,11328.0,71.25,87.11119315315771
12.863717866666668,11344.0,71.75,84.62101403730162
12.881861333333331,11360.0,72.5,80.9123850469892
12.9000048,11376.0,74.0,73.58497362281058
12.918148266666666,11392.0,73.5,76.01469211378823
12.936291733333334,11408.0,71.75,84.62101403730162
12.9544352,11424.0,68.75,99.7945656567389
12.972578666666667,11440.0,68.75,99.7945656567389
12.990722133333334,11456.0,69.75,94.67259576027487
13.0088656,11472.0,69.75,94.67259576027487
13.027009066666666,11488.0,70.5,90.87436838804769
13.045152533333331,11504.0,71.0,88.36179970071956
13.063296,11520.0,70.75,89.61616978071207
13.081439466666668,11536.0,69.25,97.22511328698938
13.099582933333334,11552.0,69.0,98.50768764100005
13.1177264,11568.0,69.75,94.67259576027487
13.135869866666669,11584.0,72.5,80.9123850469892
13.154013333333332,11600.0,73.25,77.23424485225071
13.1721568,11616.0,78.25,53.377307134788815
13.190300266666666,11632.0,77.0,59.245695303394136
13.208443733333333,11648.0,73.75,74.79828780935783
13.2265872,11664.0,73.5,76.01469211378823
13.244730666666667,11680.0,72.25,82.14512572119739
13.262874133333334,11696.0,73.75,74.79828780935783
13.2810176,11712.0,72.5,80.9123850469892
13.299161066666668,11728.0,71.75,84.62101403730162
13.317304533333331,11744.0,73.75,74.79828780935783
13.335448,11760.0,71.75,84.62101403730162
13.353591466666666,11776.0,71.0,88.36179970071956
13.371734933333334,11792.0,68.0,103.681735252092
13.3898784,11808.0,69.75,94.67259576027487
13.408021866666669,11824.0,72.0,83.38131479800325
13.426165333333334,11840.0,74.25,72.37469176865274
13.4443088,11856.0,76.5,61.609323224357375
13.462452266666666,11872.0,77.25,58.06747175890405
13.480595733333333,11888.0,76.0,63.982876181574035
13.4987392,11904.0,75.5,66.36678066453814
13.516882666666667,11920.0,74.5,71.16738498022842
13.535026133333334,11936.0,73.75,74.79828780935783
13.5531696,11952.0,72.25,82.14512572119739
13.571313066666669,11968.0,73.25,77.23424485225071
13.589456533333331,11984.0,72.0,83.38131479800325
13.6076,12000.0,70.5,90.87436838804769
13.625743466666666,12016.0,72.75,79.68303162146198
13.643886933333333,12032.0,69.25,97.22511328698938
13.6620304,12048.0,70.5,90.87436838804769
13.680173866666667,12064.0,75.0,68.76147005860551
13.698317333333334,12080.0,73.0,78.45700488356816
13.7164608,12096.0,75.75,65.1735075612528
13.734604266666668,12112.0,73.5,76.01469211378823
13.752747733333331,12128.0,71.25,87.11119315315771
13.7708912,12144.0,72.0,83.38131479800325
13.789034666666666,12160.0,72.0,83.38131479800325
13.807178133333334,12176.0,71.5,85.86428581831031
13.8253216,12192.0,72.0,83.38131479800325
13.843465066666669,12208.0,0.0,
13.861608533333332,12224.0,73.75,74.79828780935783
13.879752,12240.0,73.25,77.23424485225071
13.897895466666666,12256.0,70.75,89.61616978071207
13.916038933333333,12272.0,70.0,93.402514628412
13.9341824,12288.0,70.0,93.402514628412
13.952325866666667,12304.0,70.75,89.61616978071207
13.970469333333334,12320.0,72.25,82.14512572119739
13.9886128,12336.0,72.5,80.9123850469892
14.006756266666669,12352.0,72.5,80.9123850469892
14.024899733333331,12368.0,73.25,77.23424485225071
14.0430432,12384.0,72.5,80.9123850469892
14.061186666666666,12400.0,72.25,82.14512572119739
14.079330133333334,12416.0,72.0,83.38131479800325
14.0974736,12432.0,72.75,79.68303162146198
14.115617066666667,12448.0,74.75,69.9629964980978
14.133760533333334,12464.0,75.25,67.56274988263415
14.151904,12480.0,75.25,67.56274988263415
14.170047466666666,12496.0,73.25,77.23424485225071
14.188190933333331,12512.0,73.0,78.45700488356816
14.2063344,12528.0,71.0,88.36179970071956
14.224477866666668,12544.0,71.0,88.36179970071956
14.242621333333334,12560.0,72.25,82.14512572119739
14.2607648,12576.0,73.75,74.79828780935783
14.278908266666669,12592.0,75.75,65.1735075612528
14.297051733333332,12608.0,74.5,71.16738498022842
14.3151952,12624.0,74.5,71.16738498022842
14.333338666666666,12640.0,75.75,65.1735075612528
14.351482133333333,12656.0,75.25,67.56274988263415
14.3696256,12672.0,74.75,69.9629964980978
14.387769066666667,12688.0,74.25,72.37469176865274
14.405912533333334,12704.0,75.25,67.56274988263415
14.424056,12720.0,72.5,80.9123850469892
14.442199466666668,12736.0,72.25,82.14512572119739
14.460342933333331,12752.0,70.25,92.13646120746093
14.4784864,12768.0,67.5,106.2960227965878
14.496629866666666,12784.0,69.5,95.94677244781872
14.514773333333334,12800.0,70.5,90.87436838804769
14.5329168,12816.0,75.0,68.76147005860551
14.551060266666669,12832.0,75.0,68.76147005860551
14.569203733333334,12848.0,75.25,67.56274988263415
14.5873472,12864.0,74.0,73.58497362281058
14.605490666666666,12880.0,73.5,76.01469211378823
14.623634133333333,12896.0,72.0,83.38131479800325
14.6417776,12912.0,72.0,83.38131479800325
14.659921066666667,12928.0,74.5,71.16738498022842
14.678064533333334,12944.0,74.0,73.58497362281058
14.696208,12960.0,72.5,80.9123850469892
14.714351466666669,12976.0,71.0,88.36179970071956
14.732494933333331,12992.0,70.5,90.87436838804769
14.7506384,13008.0,69.5,95.94677244781872
14.768781866666666,13024.0,72.75,79.68303162146198
14.786925333333333,13040.0,73.0,78.45700488356816
14.8050688,13056.0,75.5,66.36678066453814
14.823212266666667,13072.0,75.0,68.76147005860551
14.841355733333334,13088.0,173.75,-2343.19236220742
14.8594992,13104.0,74.0,73.58497362281058
14.877642666666668,13120.0,73.75,74.79828780935783
14.895786133333331,13136.0,74.5,71.16738498022842
14.9139296,13152.0,74.5,71.16738498022842
14.932073066666666,13168.0,74.75,69.9629964980978
14.950216533333334,13184.0,3.5,4195.721164829952
14.96836,13200.0,75.0,68.76147005860551
14.986503466666669,13216.0,73.0,78.45700488356816
15.004646933333332,13232.0,71.0,88.36179970071956
15.0227904,13248.0,71.25,87.11119315315771
15.040933866666666,13264.0,72.75,79.68303162146198
15.059077333333333,13280.0,70.75,89.61616978071207
15.0772208,13296.0,75.0,68.76147005860551
15.095364266666667,13312.0,75.0,68.76147005860551
15.113507733333334,13328.0,76.0,63.982876181574035
15.1316512,13344.0,73.75,74.79828780935783
15.149794666666669,13360.0,72.5,80.9123850469892
15.167938133333331,13376.0,71.75,84.62101403730162
15.1860816,13392.0,73.0,78.45700488356816
15.204225066666666,13408.0,73.5,76.01469211378823
15.222368533333334,13424.0,75.25,67.56274988263415
15.240512,13440.0,74.5,71.16738498022842
15.258655466666667,13456.0,75.0,68.76147005860551
15.276798933333334,13472.0,73.0,78.45700488356816
15.2949424,13488.0,72.25,82.14512572119739
15.313085866666666,13504.0,73.5,76.01469211378823
15.331229333333331,13520.0,73.25,77.23424485225071
15.3493728,13536.0,75.0,68.76147005860551
15.367516266666668,13552.0,73.75,74.79828780935783
15.385659733333334,13568.0,74.25,72.37469176865274
15.4038032,13584.0,71.25,87.11119315315771
15.421946666666669,13600.0,70.0,93.402514628412
15.440090133333332,13616.0,67.5,106.2960227965878
15.4582336,13632.0,69.75,94.67259576027487
15.476377066666666,13648.0,71.0,88.36179970071956
15.494520533333333,13664.0,73.75,74.79828780935783
15.512664,13680.0,74.5,71.16738498022842
15.530807466666667,13696.0,72.25,82.14512572119739
15.548950933333334,13712.0,72.0,83.38131479800325
15.5670944,13728.0,71.75,84.62101403730162
15.585237866666668,13744.0,71.25,87.11119315315771
15.603381333333331,13760.0,72.25,82.14512572119739
15.6215248,13776.0,74.5,71.16738498022842
15.639668266666666,13792.0,73.75,74.79828780935783
15.657811733333334,13808.0,71.25,87.11119315315771
15.6759552,13824.0,70.0,93.402514628412
15.694098666666669,13840.0,68.75,99.7945656567389
15.712242133333334,13856.0,71.75,84.62101403730162
15.7303856,13872.0,70.25,92.13646120746093
15.748529066666666,13888.0,71.0,88.36179970071956
15.766672533333333,13904.0,74.5,71.16738498022842
15.784816,13920.0,69.5,95.94677244781872
15.802959466666668,13936.0,37.0,340.54796709915576
15.821102933333334,13952.0,30.5,435.6565164089703
15.8392464,13968.0,23.0,604.561896400287
15.857389866666669,13984.0,19.0,745.2823705020704
15.875533333333331,14000.0,17.75,801.6847130564167
15.8936768,14016.0,16.5,866.338989365401
15.911820266666666,14032.0,11.5,1261.3339863385645
15.929963733333333,14048.0,8.75,1667.2953574212645
15.9481072,14064.0,9.25,1575.7138726394255
15.966250666666667,14080.0,14.0,1029.2518166250602
15.984394133333334,14096.0,14.75,974.7159737751904
16.0025376,14112.0,8.5,1717.0932114556858
16.02068106666667,14128.0,28.0,482.6344702217431
16.038824533333333,14144.0,36.75,343.65759779211066
16.056968,14160.0,15.0,957.7237293887622
16.075111466666666,14176.0,12.5,1157.5438795076209
16.093254933333334,14192.0,12.0,1207.3082940635206
16.1113984,14208.0,12.5,1157.5438795076209
16.129541866666667,14224.0,14.5,992.2809406057196
16.14768533333333,14240.0,28.25,477.5954644332224
16.1658288,14256.0,32.0,410.679927056303
16.183972266666668,14272.0,40.25,303.1333221846774
16.202115733333333,14288.0,0.0,
16.2202592,14304.0,177.25,-5342.554601533468
16.238402666666666,14320.0,20.5,686.3648444099231
16.256546133333334,14336.0,14.25,1010.4487852044572
16.2746896,14352.0,30.0,444.4811296650784
16.292833066666667,14368.0,35.25,363.11074063229427
16.310976533333335,14384.0,33.0,395.1621486258065
16.32912,14400.0,24.25,569.6781613471136
16.347263466666668,14416.0,26.5,514.7027000529482
16.365406933333333,14432.0,32.5,402.8147531742759
16.3835504,14448.0,27.5,492.9649304347065
16.401693866666665,14464.0,26.5,514.7027000529482
16.419837333333334,14480.0,5.75,2548.508378810507
16.437980800000002,14496.0,11.25,1290.1223953161077
16.456124266666667,14512.0,6.0,2441.5885736019036
16.474267733333335,14528.0,174.25,-2548.5083788105044
16.4924112,14544.0,170.5,-1533.5084188688866
16.510554666666668,14560.0,173.5,-2252.336242260931
16.528698133333332,14576.0,75.75,65.1735075612528
16.5468416,14592.0,71.5,85.86428581831031
16.564985066666665,14608.0,68.0,103.681735252092
16.583128533333333,14624.0,73.25,77.23424485225071
16.601272,14640.0,0.0,
16.619415466666666,14656.0,171.0,-1620.2431207005816
16.637558933333334,14672.0,55.0,179.68816862843607
16.6557024,14688.0,53.0,193.37801985353465
16.673845866666667,14704.0,51.0,207.80783120586773
16.691989333333332,14720.0,61.0,142.2475093089942
16.7101328,14736.0,67.0,108.9292790943252
16.72827626666667,14752.0,69.0,98.50768764100005
16.746419733333333,14768.0,71.25,87.11119315315771
16.7645632,14784.0,60.25,146.67115649191308
16.782706666666666,14800.0,174.5,-2665.1140982864345
16.800850133333334,14816.0,61.0,142.2475093089942
16.8189936,14832.0,63.75,126.55162024907509
16.837137066666667,14848.0,63.25,129.34778345790798
16.85528053333333,14864.0,69.0,98.50768764100005
16.873424,14880.0,68.5,101.08581828150292
16.891567466666668,14896.0,67.25,107.61024190454502
16.909710933333333,14912.0,65.75,115.59946652519692
16.9278544,14928.0,64.5,122.4020812032964
16.945997866666666,14944.0,62.0,136.4479655017699
16.964141333333334,14960.0,65.75,115.59946652519692
16.9822848,14976.0,69.75,94.67259576027487
17.000428266666667,14992.0,71.5,85.86428581831031
17.018571733333335,15008.0,72.75,79.68303162146198
17.0367152,15024.0,69.25,97.22511328698938
17.054858666666668,15040.0,68.75,99.7945656567389
17.073002133333333,15056.0,69.75,94.67259576027487
17.0911456,15072.0,71.25,87.11119315315771
17.109289066666665,15088.0,73.0,78.45700488356816
17.127432533333334,15104.0,73.25,77.23424485225071
17.145576,15120.0,74.0,73.58497362281058
17.163719466666667,15136.0,71.0,88.36179970071956
17.181862933333335,15152.0,71.25,87.11119315315771
17.2000064,15168.0,70.0,93.402514628412
17.218149866666668,15184.0,72.25,82.14512572119739
17.236293333333332,15200.0,73.25,77.23424485225071
17.2544368,15216.0,72.75,79.68303162146198
17.272580266666665,15232.0,75.0,68.76147005860551
17.290723733333333,15248.0,73.25,77.23424485225071
17.3088672,15264.0,71.5,85.86428581831031
17.327010666666666,15280.0,70.75,89.61616978071207
17.345154133333335,15296.0,69.0,98.50768764100005
17.3632976,15312.0,0.0,
17.381441066666667,15328.0,5.0,2933.194879423456
17.399584533333332,15344.0,8.25,1769.8862963933427
17.417728,15360.0,8.5,1717.0932114556858
17.43587146666667,15376.0,68.0,103.681735252092
17.454014933333333,15392.0,71.5,85.86428581831031
17.4721584,15408.0,71.25,87.11119315315771
17.490301866666666,15424.0,69.0,98.50768764100005
17.508445333333334,15440.0,68.5,101.08581828150292
17.5265888,15456.0,67.25,107.61024190454502
17.544732266666667,15472.0,71.75,84.62101403730162
17.562875733333332,15488.0,68.75,99.7945656567389
17.5810192,15504.0,65.0,119.66447737126715
17.59916266666667,15520.0,67.25,107.61024190454502
17.617306133333333,15536.0,63.25,129.34778345790798
17.6354496,15552.0,66.75,110.25321141392983
17.653593066666666,15568.0,69.0,98.50768764100005
17.671736533333334,15584.0,70.25,92.13646120746093
17.68988,15600.0,72.5,80.9123850469892
17.708023466666667,15616.0,70.75,89.61616978071207
17.726166933333335,15632.0,71.25,87.11119315315771
17.7443104,15648.0,66.5,111.5821168584894
17.762453866666668,15664.0,67.25,107.61024190454502
17.780597333333333,15680.0,65.25,118.30403965285542
17.7987408,15696.0,69.25,97.22511328698938
17.816884266666666,15712.0,69.0,98.50768764100005
17.835027733333334,15728.0,68.0,103.681735252092
17.8531712,15744.0,174.0,-2441.5885736018977
17.871314666666667,15760.0,66.5,111.5821168584894
17.889458133333335,15776.0,64.75,121.03046244371558
17.9076016,15792.0,66.0,114.25516395965548
17.925745066666668,15808.0,69.75,94.67259576027487
17.943888533333332,15824.0,70.5,90.87436838804769
17.962032,15840.0,72.0,83.38131479800325
17.980175466666665,15856.0,69.0,98.50768764100005
17.998318933333334,15872.0,174.0,-2441.5885736018977
18.0164624,15888.0,63.25,129.34778345790798
18.034605866666663,15904.0,63.5,127.94666034587895
18.052749333333335,15920.0,61.75,137.88759828557627
18.0708928,15936.0,61.0,142.2475093089942
18.089036266666668,15952.0,69.5,95.94677244781872
18.107179733333332,15968.0,71.0,88.36179970071956
18.1253232,15984.0,71.25,87.11119315315771
18.143466666666665,16000.0,67.25,107.61024190454502
18.161610133333333,16016.0,67.0,108.9292790943252
18.1797536,16032.0,67.25,107.61024190454502
18.197897066666663,16048.0,69.5,95.94677244781872
18.216040533333334,16064.0,69.0,98.50768764100005
18.234184,16080.0,71.75,84.62101403730162
18.252327466666667,16096.0,70.5,90.87436838804769
18.270470933333332,16112.0,63.5,127.94666034587895
18.2886144,16128.0,63.25,129.34778345790798
18.30675786666667,16144.0,66.0,114.25516395965548
18.324901333333333,16160.0,66.75,110.25321141392983
18.3430448,16176.0,69.75,94.67259576027487
18.361188266666662,16192.0,73.0,78.45700488356816
18.379331733333338,16208.0,75.0,68.76147005860551
18.3974752,16224.0,72.25,82.14512572119739
18.415618666666667,16240.0,67.0,108.9292790943252
18.43376213333333,16256.0,64.5,122.4020812032964
18.4519056,16272.0,66.25,112.91607439036146
18.470049066666668,16288.0,70.75,89.61616978071207
18.488192533333333,16304.0,71.25,87.11119315315771
18.506336,16320.0,74.5,71.16738498022842
18.524479466666666,16336.0,72.75,79.68303162146198
18.542622933333337,16352.0,68.75,99.7945656567389
18.5607664,16368.0,64.75,121.03046244371558
18.578909866666667,16384.0,69.5,95.94677244781872
18.597053333333335,16400.0,70.0,93.402514628412
18.6151968,16416.0,72.5,80.9123850469892
18.633340266666668,16432.0,70.25,92.13646120746093
18.651483733333333,16448.0,66.5,111.5821168584894
18.6696272,16464.0,67.5,106.2960227965878
18.687770666666665,16480.0,172.5,-1949.2322938384605
18.705914133333337,16496.0,60.75,143.71483321022643
18.7240576,16512.0,61.5,139.33399740861148
18.742201066666667,16528.0,64.5,122.4020812032964
18.760344533333335,16544.0,65.25,118.30403965285542
18.778488,16560.0,65.25,118.30403965285542
18.796631466666668,16576.0,65.75,115.59946652519692
18.814774933333332,16592.0,0.0,
18.8329184,16608.0,64.75,121.03046244371558
18.851061866666665,16624.0,64.25,123.77942112752848
18.869205333333333,16640.0,64.75,121.03046244371558
18.8873488,16656.0,69.5,95.94677244781872
18.905492266666663,16672.0,70.5,90.87436838804769
18.923635733333334,16688.0,69.75,94.67259576027487
18.9417792,16704.0,69.75,94.67259576027487
18.959922666666667,16720.0,67.75,104.98654564989876
18.978066133333332,16736.0,66.0,114.25516395965548
18.9962096,16752.0,61.25,140.78726615276193
19.01435306666667,16768.0,68.75,99.7945656567389
19.032496533333333,16784.0,69.5,95.94677244781872
19.05064,16800.0,72.5,80.9123850469892
19.068783466666662,16816.0,69.75,94.67259576027487
19.086926933333334,16832.0,69.5,95.94677244781872
19.1050704,16848.0,65.5,116.94906407594183
19.123213866666667,16864.0,67.75,104.98654564989876
19.141357333333332,16880.0,66.5,111.5821168584894
19.1595008,16896.0,69.75,94.67259576027487
19.177644266666668,16912.0,70.75,89.61616978071207
19.195787733333333,16928.0,68.75,99.7945656567389
19.2139312,16944.0,70.25,92.13646120746093
19.232074666666666,16960.0,65.25,118.30403965285542
19.250218133333338,16976.0,62.25,135.01499725228427
19.2683616,16992.0,66.5,111.5821168584894
19.286505066666667,17008.0,67.5,106.2960227965878
19.304648533333335,17024.0,68.75,99.7945656567389
19.322792,17040.0,73.25,77.23424485225071
19.340935466666668,17056.0,66.25,112.91607439036146
19.359078933333333,17072.0,67.75,104.98654564989876
19.3772224,17088.0,65.25,118.30403965285542
19.395365866666666,17104.0,67.25,107.61024190454502
19.413509333333337,17120.0,69.5,95.94677244781872
19.4316528,17136.0,73.0,78.45700488356816
19.449796266666667,17152.0,72.25,82.14512572119739
19.467939733333335,17168.0,0.0,
19.4860832,17184.0,176.25,-3915.2844363020095
19.504226666666668,17200.0,69.5,95.94677244781872
19.522370133333332,17216.0,69.0,98.50768764100005
19.5405136,17232.0,64.75,121.03046244371558
19.558657066666665,17248.0,64.25,123.77942112752848
19.576800533333333,17264.0,65.5,116.94906407594183
19.594944,17280.0,67.0,108.9292790943252
19.613087466666663,17296.0,67.5,106.2960227965878
19.631230933333335,17312.0,68.0,103.681735252092
19.6493744,17328.0,69.25,97.22511328698938
19.667517866666667,17344.0,70.75,89.61616978071207
19.685661333333332,17360.0,68.0,103.681735252092
19.7038048,17376.0,69.75,94.67259576027487
19.721948266666665,17392.0,70.25,92.13646120746093
19.740091733333333,17408.0,73.75,74.79828780935783
19.7582352,17424.0,69.75,94.67259576027487
19.776378666666663,17440.0,68.75,99.7945656567389
19.794522133333334,17456.0,67.0,108.9292790943252
19.8126656,17472.0,68.0,103.681735252092
19.830809066666667,17488.0,65.0,119.66447737126715
19.848952533333332,17504.0,65.5,116.94906407594183
19.867096,17520.0,70.5,90.87436838804769
19.88523946666667,17536.0,70.25,92.13646120746093
19.903382933333333,17552.0,70.75,89.61616978071207
19.9215264,17568.0,70.5,90.87436838804769
19.939669866666662,17584.0,67.5,106.2960227965878
19.957813333333338,17600.0,68.5,101.08581828150292
19.9759568,17616.0,69.5,95.94677244781872
19.994100266666667,17632.0,69.75,94.67259576027487
20.012243733333335,17648.0,73.5,76.01469211378823
20.0303872,17664.0,72.75,79.68303162146198
20.048530666666668,17680.0,71.75,84.62101403730162
20.066674133333333,17696.0,60.0,148.16037655502615
20.0848176,17712.0,60.75,143.71483321022643
20.102961066666666,17728.0,61.0,142.2475093089942
20.121104533333337,17744.0,62.0,136.4479655017699
20.139248,17760.0,62.25,135.01499725228427
20.157391466666667,17776.0,63.75,126.55162024907509
20.175534933333335,17792.0,67.75,104.98654564989876
20.1936784,17808.0,65.0,119.66447737126715
20.211821866666668,17824.0,64.5,122.4020812032964
20.229965333333332,17840.0,67.25,107.61024190454502
20.2481088,17856.0,68.25,102.38151728006616
20.266252266666665,17872.0,72.25,82.14512572119739
20.284395733333337,17888.0,74.25,72.37469176865274
20.3025392,17904.0,0.0,
20.320682666666663,17920.0,65.75,115.59946652519692
20.338826133333335,17936.0,65.0,119.66447737126715
20.3569696,17952.0,68.0,103.681735252092
20.375113066666668,17968.0,71.25,87.11119315315771
20.393256533333332,17984.0,71.25,87.11119315315771
20.4114,18000.0,73.25,77.23424485225071
20.429543466666665,18016.0,72.5,80.9123850469892
20.447686933333333,18032.0,68.5,101.08581828150292
20.4658304,18048.0,67.25,107.61024190454502
20.483973866666663,18064.0,66.0,114.25516395965548
20.502117333333334,18080.0,66.75,110.25321141392983
20.5202608,18096.0,69.5,95.94677244781872
20.538404266666667,18112.0,69.0,98.50768764100005
20.556547733333332,18128.0,72.5,80.9123850469892
20.5746912,18144.0,71.5,85.86428581831031
20.59283466666667,18160.0,70.0,93.402514628412
20.610978133333333,18176.0,68.5,101.08581828150292
20.6291216,18192.0,69.5,95.94677244781872
20.647265066666662,18208.0,69.75,94.67259576027487
20.665408533333338,18224.0,71.5,85.86428581831031
20.683552,18240.0,9.5,1533.5084188688866
20.701695466666667,18256.0,2.25,6531.448229747709
20.71983893333333,18272.0,174.25,-2548.5083788105044
20.7379824,18288.0,172.5,-1949.2322938384605
20.756125866666668,18304.0,68.0,103.681735252092
20.774269333333333,18320.0,69.0,98.50768764100005
20.7924128,18336.0,69.75,94.67259576027487
20.810556266666666,18352.0,71.0,88.36179970071956
20.828699733333337,18368.0,70.75,89.61616978071207
20.8468432,18384.0,71.25,87.11119315315771
20.864986666666667,18400.0,73.0,78.45700488356816
20.883130133333335,18416.0,69.5,95.94677244781872
20.9012736,18432.0,69.0,98.50768764100005
20.919417066666668,18448.0,68.75,99.7945656567389
20.937560533333333,18464.0,71.25,87.11119315315771
20.955704,18480.0,75.5,66.36678066453814
20.973847466666665,18496.0,73.75,74.79828780935783
20.991990933333337,18512.0,73.75,74.79828780935783
21.0101344,18528.0,70.5,90.87436838804769
21.028277866666667,18544.0,69.0,98.50768764100005
21.046421333333335,18560.0,69.5,95.94677244781872
21.0645648,18576.0,70.0,93.402514628412
21.082708266666668,18592.0,69.5,95.94677244781872
21.100851733333332,18608.0,69.25,97.22511328698938
21.1189952,18624.0,71.5,85.86428581831031
21.137138666666665,18640.0,70.0,93.402514628412
21.155282133333333,18656.0,67.5,106.2960227965878
21.1734256,18672.0,69.0,98.50768764100005
21.191569066666663,18688.0,68.5,101.08581828150292
21.209712533333335,18704.0,71.0,88.36179970071956
21.227856,18720.0,71.75,84.62101403730162
21.245999466666667,18736.0,70.25,92.13646120746093
21.264142933333332,18752.0,67.0,108.9292790943252
21.2822864,18768.0,66.0,114.25516395965548
21.30042986666667,18784.0,65.0,119.66447737126715
21.318573333333333,18800.0,68.0,103.681735252092
21.3367168,18816.0,69.0,98.50768764100005
21.354860266666662,18832.0,72.75,79.68303162146198
21.373003733333334,18848.0,75.25,67.56274988263415
21.3911472,18864.0,71.75,84.62101403730162
21.409290666666667,18880.0,73.75,74.79828780935783
21.427434133333332,18896.0,70.25,92.13646120746093
21.4455776,18912.0,69.25,97.22511328698938
21.46372106666667,18928.0,71.5,85.86428581831031
21.481864533333333,18944.0,72.25,82.14512572119739
21.500008,18960.0,70.75,89.61616978071207
21.518151466666662,18976.0,70.75,89.61616978071207
21.536294933333338,18992.0,175.5,-3260.6827757078395
21.5544384,19008.0,171.75,-1769.8862963933425
21.572581866666667,19024.0,70.5,90.87436838804769
21.590725333333335,19040.0,66.5,111.5821168584894
21.6088688,19056.0,67.0,108.9292790943252
21.627012266666668,19072.0,66.0,114.25516395965548
21.645155733333333,19088.0,72.5,80.9123850469892
21.6632992,19104.0,65.25,118.30403965285542
21.681442666666666,19120.0,63.75,126.55162024907509
21.699586133333337,19136.0,62.5,133.58859317783427
21.7177296,19152.0,63.25,129.34778345790798
21.735873066666667,19168.0,68.5,101.08581828150292
21.754016533333335,19184.0,71.0,88.36179970071956
21.77216,19200.0,69.25,97.22511328698938
21.790303466666668,19216.0,69.75,94.67259576027487
21.808446933333332,19232.0,68.25,102.38151728006616
21.8265904,19248.0,69.25,97.22511328698938
21.844733866666665,19264.0,66.5,111.5821168584894
21.862877333333333,19280.0,65.75,115.59946652519692
21.8810208,19296.0,70.5,90.87436838804769
21.899164266666663,19312.0,72.75,79.68303162146198
21.917307733333335,19328.0,74.25,72.37469176865274
21.9354512,19344.0,72.5,80.9123850469892
21.953594666666667,19360.0,72.25,82.14512572119739
21.971738133333332,19376.0,0.0,
21.9898816,19392.0,67.25,107.61024190454502
22.008025066666665,19408.0,63.5,127.94666034587895
22.026168533333333,19424.0,65.5,116.94906407594183
22.044312,19440.0,67.5,106.2960227965878
22.062455466666663,19456.0,68.0,103.681735252092
22.080598933333334,19472.0,68.75,99.7945656567389
22.0987424,19488.0,65.75,115.59946652519692
22.116885866666667,19504.0,63.5,127.94666034587895
22.135029333333332,19520.0,66.0,114.25516395965548
22.1531728,19536.0,67.0,108.9292790943252
22.17131626666667,19552.0,66.5,111.5821168584894
22.189459733333333,19568.0,69.5,95.94677244781872
22.2076032,19584.0,71.75,84.62101403730162
22.225746666666662,19600.0,70.25,92.13646120746093
22.243890133333338,19616.0,65.75,115.59946652519692
22.2620336,19632.0,68.75,99.7945656567389
22.280177066666667,19648.0,67.75,104.98654564989876
22.298320533333335,19664.0,72.5,80.9123850469892
22.316464,19680.0,69.75,94.67259576027487
22.334607466666668,19696.0,66.0,114.25516395965548
22.352750933333333,19712.0,71.5,85.86428581831031
22.3708944,19728.0,66.75,110.25321141392983
22.389037866666666,19744.0,31.25,422.8988138234491
22.407181333333337,19760.0,50.0,215.33083806630577
22.4253248,19776.0,50.0,215.33083806630577
22.443468266666667,19792.0,66.5,111.5821168584894
22.461611733333335,19808.0,66.5,111.5821168584894
22.4797552,19824.0,2.25,6531.448229747709
22.497898666666668,19840.0,72.5,80.9123850469892
22.516042133333332,19856.0,66.75,110.25321141392983
22.5341856,19872.0,65.5,116.94906407594183
22.552329066666665,19888.0,57.5,163.4857984317416
22.570472533333337,19904.0,68.75,99.7945656567389
22.588616,19920.0,71.25,87.11119315315771
22.606759466666663,19936.0,72.5,80.9123850469892
22.624902933333335,19952.0,69.25,97.22511328698938
22.6430464,19968.0,71.75,84.62101403730162
22.661189866666668,19984.0,73.75,74.79828780935783
22.679333333333332,20000.0,67.25,107.61024190454502
22.6974768,20016.0,69.5,95.94677244781872
22.715620266666665,20032.0,71.25,87.11119315315771
22.733763733333333,20048.0,71.75,84.62101403730162
22.7519072,20064.0,72.0,83.38131479800325
22.770050666666663,20080.0,69.25,97.22511328698938
22.788194133333334,20096.0,65.25,118.30403965285542
22.8063376,20112.0,66.75,110.25321141392983
22.824481066666667,20128.0,63.25,129.34778345790798
22.842624533333332,20144.0,63.25,129.34778345790798
22.860768,20160.0,68.0,103.681735252092
22.87891146666667,20176.0,69.25,97.22511328698938
22.897054933333333,20192.0,71.0,88.36179970071956
22.9151984,20208.0,71.0,88.36179970071956
22.933341866666662,20224.0,70.5,90.87436838804769
22.951485333333338,20240.0,67.75,104.98654564989876
22.9696288,20256.0,71.5,85.86428581831031
22.987772266666667,20272.0,72.5,80.9123850469892
23.00591573333333,20288.0,75.75,65.1735075612528
23.0240592,20304.0,72.5,80.9123850469892
23.042202666666668,20320.0,71.5,85.86428581831031
23.060346133333333,20336.0,70.5,90.87436838804769
23.0784896,20352.0,70.0,93.402514628412
23.096633066666666,20368.0,69.5,95.94677244781872
23.114776533333337,20384.0,70.25,92.13646120746093
23.13292,20400.0,70.5,90.87436838804769
23.151063466666667,20416.0,71.0,88.36179970071956
23.169206933333335,20432.0,68.75,99.7945656567389
23.1873504,20448.0,69.0,98.50768764100005
23.205493866666668,20464.0,66.5,111.5821168584894
23.223637333333333,20480.0,69.5,95.94677244781872
23.2417808,20496.0,67.5,106.2960227965878
23.259924266666665,20512.0,67.75,104.98654564989876
23.278067733333337,20528.0,70.0,93.402514628412
23.2962112,20544.0,70.25,92.13646120746093
23.314354666666667,20560.0,68.5,101.08581828150292
23.332498133333335,20576.0,68.5,101.08581828150292
23.3506416,20592.0,66.5,111.5821168584894
23.368785066666668,20608.0,67.5,106.2960227965878
23.386928533333332,20624.0,67.5,106.2960227965878
23.405072,20640.0,70.5,90.87436838804769
23.423215466666665,20656.0,71.75,84.62101403730162
23.441358933333333,20672.0,70.5,90.87436838804769
23.4595024,20688.0,69.5,95.94677244781872
23.477645866666663,20704.0,69.5,95.94677244781872
23.495789333333335,20720.0,66.25,112.91607439036146
23.5139328,20736.0,67.25,107.61024190454502
23.532076266666667,20752.0,68.5,101.08581828150292
23.550219733333332,20768.0,71.75,84.62101403730162
23.5683632,20784.0,73.75,74.79828780935783
23.58650666666667,20800.0,174.75,-2792.789446305674
23.604650133333333,20816.0,69.5,95.94677244781872
23.6227936,20832.0,64.5,122.4020812032964
23.640937066666663,20848.0,66.25,112.91607439036146
23.659080533333334,20864.0,66.5,111.5821168584894
23.677224,20880.0,70.25,92.13646120746093
23.695367466666667,20896.0,71.0,88.36179970071956
23.713510933333332,20912.0,71.25,87.11119315315771
23.7316544,20928.0,172.25,-1885.6176524704356
23.74979786666667,20944.0,67.5,106.2960227965878
23.767941333333333,20960.0,68.0,103.681735252092
23.7860848,20976.0,68.25,102.38151728006616
23.804228266666662,20992.0,70.0,93.402514628412
23.822371733333338,21008.0,69.25,97.22511328698938
23.8405152,21024.0,70.5,90.87436838804769
23.858658666666667,21040.0,70.25,92.13646120746093
23.876802133333335,21056.0,72.0,83.38131479800325
23.8949456,21072.0,67.5,106.2960227965878
23.913089066666668,21088.0,65.25,118.30403965285542
23.931232533333333,21104.0,68.5,101.08581828150292
23.949376,21120.0,71.0,88.36179970071956
23.967519466666666,21136.0,74.0,73.58497362281058
23.985662933333337,21152.0,72.5,80.9123850469892
24.0038064,21168.0,71.0,88.36179970071956
24.021949866666667,21184.0,69.75,94.67259576027487
24.040093333333335,21200.0,68.5,101.08581828150292
24.0582368,21216.0,70.75,89.61616978071207
24.076380266666668,21232.0,72.0,83.38131479800325
24.094523733333332,21248.0,72.5,80.9123850469892
24.1126672,21264.0,75.0,68.76147005860551
24.130810666666665,21280.0,0.0,
24.148954133333337,21296.0,174.25,-2548.5083788105044
24.1670976,21312.0,66.0,114.25516395965548
24.185241066666663,21328.0,64.25,123.77942112752848
24.203384533333335,21344.0,67.25,107.61024190454502
24.221528,21360.0,68.5,101.08581828150292
24.239671466666667,21376.0,69.0,98.50768764100005
24.257814933333332,21392.0,70.0,93.402514628412
24.2759584,21408.0,69.0,98.50768764100005
24.294101866666665,21424.0,70.25,92.13646120746093
24.312245333333333,21440.0,67.5,106.2960227965878
24.3303888,21456.0,68.5,101.08581828150292
24.348532266666663,21472.0,69.5,95.94677244781872
24.366675733333334,21488.0,70.75,89.61616978071207
24.3848192,21504.0,72.5,80.9123850469892
24.402962666666667,21520.0,0.0,
24.421106133333332,21536.0,69.25,97.22511328698938
24.4392496,21552.0,68.25,102.38151728006616
24.45739306666667,21568.0,67.0,108.9292790943252
24.475536533333333,21584.0,69.5,95.94677244781872
24.49368,21600.0,69.75,94.67259576027487
24.511823466666662,21616.0,70.25,92.13646120746093
24.529966933333338,21632.0,72.0,83.38131479800325
24.5481104,21648.0,171.0,-1620.2431207005816
24.566253866666667,21664.0,70.25,92.13646120746093
24.584397333333335,21680.0,67.25,107.61024190454502
24.6025408,21696.0,70.5,90.87436838804769
24.620684266666668,21712.0,71.0,88.36179970071956
24.638827733333333,21728.0,73.25,77.23424485225071
24.6569712,21744.0,76.0,63.982876181574035
24.675114666666666,21760.0,74.25,72.37469176865274
24.693258133333337,21776.0,71.0,88.36179970071956
24.7114016,21792.0,68.75,99.7945656567389
24.729545066666667,21808.0,69.25,97.22511328698938
24.747688533333335,21824.0,71.25,87.11119315315771
24.765832,21840.0,73.0,78.45700488356816
24.783975466666668,21856.0,70.25,92.13646120746093
24.802118933333333,21872.0,71.25,87.11119315315771
24.8202624,21888.0,72.0,83.38131479800325
24.838405866666665,21904.0,68.25,102.38151728006616
24.856549333333337,21920.0,67.0,108.9292790943252
24.8746928,21936.0,67.0,108.9292790943252
24.892836266666663,21952.0,67.75,104.98654564989876
24.910979733333335,21968.0,68.75,99.7945656567389
24.9291232,21984.0,73.5,76.01469211378823
24.947266666666668,22000.0,72.0,83.38131479800325
24.965410133333332,22016.0,72.25,82.14512572119739
24.9835536,22032.0,70.25,92.13646120746093
25.001697066666665,22048.0,64.0,125.1625708627523
25.019840533333333,22064.0,68.0,103.681735252092
25.037984,22080.0,68.75,99.7945656567389
25.056127466666663,22096.0,76.0,63.982876181574035
25.074270933333334,22112.0,76.0,63.982876181574035
25.0924144,22128.0,177.5,-5877.594086769277
25.110557866666667,22144.0,72.5,80.9123850469892
25.128701333333332,22160.0,73.75,74.79828780935783
25.1468448,22176.0,73.25,77.23424485225071
25.16498826666667,22192.0,75.25,67.56274988263415
25.183131733333333,22208.0,71.5,85.86428581831031
25.2012752,22224.0,72.0,83.38131479800325
25.219418666666662,22240.0,0.0,
25.237562133333338,22256.0,70.25,92.13646120746093
25.2557056,22272.0,70.0,93.402514628412
25.273849066666667,22288.0,71.25,87.11119315315771
25.29199253333333,22304.0,72.0,83.38131479800325
25.310136,22320.0,72.0,83.38131479800325
25.328279466666668,22336.0,74.25,72.37469176865274
25.346422933333333,22352.0,72.0,83.38131479800325
25.3645664,22368.0,71.75,84.62101403730162
25.382709866666666,22384.0,70.5,90.87436838804769
25.400853333333338,22400.0,68.0,103.681735252092
25.4189968,22416.0,66.25,112.91607439036146
25.437140266666667,22432.0,2.25,6531.448229747709
25.455283733333335,22448.0,69.5,95.94677244781872
25.4734272,22464.0,71.0,88.36179970071956
25.491570666666668,22480.0,70.25,92.13646120746093
25.509714133333333,22496.0,71.75,84.62101403730162
25.5278576,22512.0,70.75,89.61616978071207
25.546001066666665,22528.0,67.0,108.9292790943252
25.564144533333337,22544.0,0.0,
25.582288,22560.0,69.5,95.94677244781872
25.600431466666667,22576.0,69.0,98.50768764100005
25.618574933333335,22592.0,71.75,84.62101403730162
25.6367184,22608.0,72.0,83.38131479800325
25.654861866666668,22624.0,173.75,-2343.19236220742
25.673005333333332,22640.0,172.25,-1885.6176524704356
25.6911488,22656.0,69.25,97.22511328698938
25.709292266666665,22672.0,70.5,90.87436838804769
25.727435733333333,22688.0,71.5,85.86428581831031
25.7455792,22704.0,71.25,87.11119315315771
25.763722666666663,22720.0,74.0,73.58497362281058
25.781866133333335,22736.0,74.5,71.16738498022842
25.8000096,22752.0,68.75,99.7945656567389
25.818153066666667,22768.0,60.25,146.67115649191308
25.836296533333332,22784.0,67.5,106.2960227965878
25.85444,22800.0,71.75,84.62101403730162
25.87258346666667,22816.0,73.75,74.79828780935783
25.890726933333333,22832.0,76.25,62.79483257560394
25.9088704,22848.0,0.0,
25.927013866666663,22864.0,72.0,83.38131479800325
25.945157333333334,22880.0,68.75,99.7945656567389
25.9633008,22896.0,69.0,98.50768764100005
25.981444266666667,22912.0,70.0,93.402514628412
25.999587733333332,22928.0,74.25,72.37469176865274
26.0177312,22944.0,73.75,74.79828780935783
26.03587466666667,22960.0,76.0,63.982876181574035
26.054018133333333,22976.0,73.0,78.45700488356816
26.0721616,22992.0,73.0,78.45700488356816
26.090305066666662,23008.0,70.25,92.13646120746093
26.108448533333338,23024.0,67.5,106.2960227965878
26.126592,23040.0,69.75,94.67259576027487
26.144735466666667,23056.0,71.0,88.36179970071956
26.162878933333335,23072.0,71.0,88.36179970071956
26.1810224,23088.0,68.75,99.7945656567389
26.199165866666668,23104.0,70.25,92.13646120746093
26.217309333333333,23120.0,69.75,94.67259576027487
26.2354528,23136.0,69.25,97.22511328698938
26.253596266666666,23152.0,69.0,98.50768764100005
26.271739733333337,23168.0,69.75,94.67259576027487
26.2898832,23184.0,70.5,90.87436838804769
26.308026666666667,23200.0,69.5,95.94677244781872
26.326170133333335,23216.0,71.5,85.86428581831031
26.3443136,23232.0,70.5,90.87436838804769
26.362457066666668,23248.0,68.25,102.38151728006616
26.380600533333332,23264.0,66.5,111.5821168584894
26.398744,23280.0,68.5,101.08581828150292
26.416887466666665,23296.0,70.0,93.402514628412
26.435030933333337,23312.0,72.0,83.38131479800325
26.4531744,23328.0,71.25,87.11119315315771
26.471317866666663,23344.0,71.25,87.11119315315771
26.489461333333335,23360.0,70.25,92.13646120746093
26.5076048,23376.0,69.0,98.50768764100005
26.525748266666668,23392.0,68.25,102.38151728006616
26.543891733333332,23408.0,69.25,97.22511328698938
26.5620352,23424.0,70.75,89.61616978071207
26.580178666666665,23440.0,73.25,77.23424485225071
26.598322133333333,23456.0,72.0,83.38131479800325
26.6164656,23472.0,68.75,99.7945656567389
26.634609066666663,23488.0,70.0,93.402514628412
26.652752533333334,23504.0,64.5,122.4020812032964
26.670896,23520.0,68.5,101.08581828150292
26.689039466666667,23536.0,69.5,95.94677244781872
26.707182933333332,23552.0,69.0,98.50768764100005
26.7253264,23568.0,73.25,77.23424485225071
26.74346986666667,23584.0,174.0,-2441.5885736018977
26.761613333333333,23600.0,68.0,103.681735252092
26.7797568,23616.0,67.5,106.2960227965878
26.797900266666662,23632.0,67.0,108.9292790943252
26.816043733333338,23648.0,71.0,88.36179970071956
26.8341872,23664.0,71.5,85.86428581831031
26.852330666666667,23680.0,73.25,77.23424485225071
26.870474133333335,23696.0,72.75,79.68303162146198
26.8886176,23712.0,74.0,73.58497362281058
26.906761066666668,23728.0,71.5,85.86428581831031
26.924904533333333,23744.0,68.75,99.7945656567389
26.943048,23760.0,68.0,103.681735252092
26.961191466666666,23776.0,68.5,101.08581828150292
26.979334933333337,23792.0,68.25,102.38151728006616
26.9974784,23808.0,71.25,87.11119315315771
27.015621866666667,23824.0,71.0,88.36179970071956
27.033765333333335,23840.0,67.5,106.2960227965878
27.0519088,23856.0,65.5,116.94906407594183
27.070052266666668,23872.0,64.5,122.4020812032964
27.088195733333333,23888.0,67.5,106.2960227965878
27.1063392,23904.0,70.5,90.87436838804769
27.124482666666665,23920.0,69.5,95.94677244781872
27.142626133333337,23936.0,69.0,98.50768764100005
27.1607696,23952.0,71.5,85.86428581831031
27.178913066666667,23968.0,70.0,93.402514628412
27.197056533333335,23984.0,66.0,114.25516395965548
27.2152,24000.0,69.25,97.22511328698938
27.233343466666668,24016.0,71.0,88.36179970071956
27.251486933333332,24032.0,73.25,77.23424485225071
27.2696304,24048.0,73.0,78.45700488356816
27.287773866666665,24064.0,74.5,71.16738498022842
27.305917333333333,24080.0,69.75,94.67259576027487
27.3240608,24096.0,69.5,95.94677244781872
27.342204266666663,24112.0,66.25,112.91607439036146
27.360347733333334,24128.0,67.25,107.61024190454502
27.3784912,24144.0,67.75,104.98654564989876
27.396634666666667,24160.0,70.75,89.61616978071207
27.414778133333332,24176.0,71.0,88.36179970071956
27.4329216,24192.0,70.25,92.13646120746093
27.45106506666667,24208.0,68.0,103.681735252092
27.469208533333333,24224.0,69.5,95.94677244781872
27.487352,24240.0,67.75,104.98654564989876
27.505495466666662,24256.0,67.25,107.61024190454502
27.523638933333338,24272.0,67.0,108.9292790943252
27.5417824,24288.0,72.0,83.38131479800325
27.559925866666667,24304.0,71.5,85.86428581831031
27.57806933333333,24320.0,68.5,101.08581828150292
27.5962128,24336.0,67.25,107.61024190454502
27.614356266666668,24352.0,69.25,97.22511328698938
27.632499733333333,24368.0,70.25,92.13646120746093
27.6506432,24384.0,69.0,98.50768764100005
27.668786666666666,24400.0,70.75,89.61616978071207
27.686930133333338,24416.0,69.75,94.67259576027487
27.7050736,24432.0,68.0,103.681735252092
27.723217066666667,24448.0,67.75,104.98654564989876
27.741360533333335,24464.0,67.0,108.9292790943252
27.759504,24480.0,67.25,107.61024190454502
27.777647466666668,24496.0,69.75,94.67259576027487
27.795790933333333,24512.0,71.0,88.36179970071956
27.8139344,24528.0,76.25,62.79483257560394
27.832077866666665,24544.0,73.0,78.45700488356816
27.850221333333337,24560.0,71.25,87.11119315315771
27.8683648,24576.0,70.5,90.87436838804769
27.886508266666667,24592.0,65.75,115.59946652519692
27.904651733333335,24608.0,63.75,126.55162024907509
27.9227952,24624.0,69.0,98.50768764100005
27.940938666666668,24640.0,69.75,94.67259576027487
27.959082133333332,24656.0,70.5,90.87436838804769
27.9772256,24672.0,69.5,95.94677244781872
27.995369066666665,24688.0,70.0,93.402514628412
28.013512533333333,24704.0,70.0,93.402514628412
28.031656,24720.0,69.5,95.94677244781872
28.049799466666663,24736.0,73.75,74.79828780935783
28.067942933333335,24752.0,72.75,79.68303162146198
28.0860864,24768.0,71.5,85.86428581831031
28.104229866666667,24784.0,75.5,66.36678066453814
28.122373333333332,24800.0,173.75,-2343.19236220742
28.1405168,24816.0,68.0,103.681735252092
28.15866026666667,24832.0,68.5,101.08581828150292
28.176803733333333,24848.0,69.0,98.50768764100005
28.1949472,24864.0,69.5,95.94677244781872
28.213090666666663,24880.0,68.5,101.08581828150292
28.231234133333334,24896.0,66.25,112.91607439036146
28.2493776,24912.0,68.5,101.08581828150292
28.267521066666667,24928.0,63.25,129.34778345790798
28.285664533333332,24944.0,66.75,110.25321141392983
28.303808,24960.0,63.5,127.94666034587895
28.32195146666667,24976.0,68.5,101.08581828150292
28.340094933333333,24992.0,71.75,84.62101403730162
28.3582384,25008.0,70.0,93.402514628412
28.376381866666662,25024.0,72.5,80.9123850469892
28.394525333333338,25040.0,69.75,94.67259576027487
28.4126688,25056.0,174.25,-2548.5083788105044
28.430812266666667,25072.0,67.5,106.2960227965878
28.448955733333335,25088.0,66.5,111.5821168584894
28.4670992,25104.0,68.75,99.7945656567389
28.485242666666668,25120.0,69.75,94.67259576027487
28.503386133333333,25136.0,72.75,79.68303162146198
28.5215296,25152.0,72.0,83.38131479800325
28.539673066666666,25168.0,72.75,79.68303162146198
28.557816533333337,25184.0,71.0,88.36179970071956
28.57596,25200.0,69.75,94.67259576027487
28.594103466666667,25216.0,68.75,99.7945656567389
28.612246933333335,25232.0,69.5,95.94677244781872
28.6303904,25248.0,68.75,99.7945656567389
28.648533866666668,25264.0,68.5,101.08581828150292
28.666677333333332,25280.0,66.5,111.5821168584894
28.6848208,25296.0,68.75,99.7945656567389
28.702964266666665,25312.0,70.0,93.402514628412
28.721107733333337,25328.0,68.5,101.08581828150292
28.7392512,25344.0,69.0,98.50768764100005
28.757394666666663,25360.0,70.0,93.402514628412
28.775538133333335,25376.0,69.25,97.22511328698938
28.7936816,25392.0,71.0,88.36179970071956
28.811825066666668,25408.0,65.75,115.59946652519692
28.829968533333332,25424.0,66.0,114.25516395965548
28.848112,25440.0,69.5,95.94677244781872
28.866255466666665,25456.0,67.5,106.2960227965878
28.884398933333333,25472.0,67.75,104.98654564989876
28.9025424,25488.0,69.0,98.50768764100005
28.920685866666663,25504.0,70.75,89.61616978071207
28.938829333333334,25520.0,71.25,87.11119315315771
28.9569728,25536.0,61.25,140.78726615276193
28.975116266666667,25552.0,64.5,122.4020812032964
28.993259733333332,25568.0,66.0,114.25516395965548
29.0114032,25584.0,67.25,107.61024190454502
29.02954666666667,25600.0,68.5,101.08581828150292
29.047690133333333,25616.0,69.75,94.67259576027487
29.0658336,25632.0,69.75,94.67259576027487
29.083977066666662,25648.0,68.5,101.08581828150292
29.102120533333338,25664.0,63.5,127.94666034587895
29.120264,25680.0,63.5,127.94666034587895
29.138407466666667,25696.0,65.5,116.94906407594183
29.156550933333335,25712.0,66.0,114.25516395965548
29.1746944,25728.0,70.0,93.402514628412
29.192837866666668,25744.0,71.75,84.62101403730162
29.210981333333333,25760.0,70.5,90.87436838804769
29.2291248,25776.0,72.75,79.68303162146198
29.247268266666666,25792.0,70.0,93.402514628412
29.265411733333337,25808.0,69.75,94.67259576027487
29.2835552,25824.0,69.5,95.94677244781872
29.301698666666667,25840.0,73.0,78.45700488356816
29.319842133333335,25856.0,72.75,79.68303162146198
29.3379856,25872.0,74.0,73.58497362281058
29.356129066666668,25888.0,72.5,80.9123850469892
29.374272533333333,25904.0,67.5,106.2960227965878
29.392416,25920.0,66.25,112.91607439036146
29.410559466666665,25936.0,66.25,112.91607439036146
29.428702933333337,25952.0,70.25,92.13646120746093
29.4468464,25968.0,74.5,71.16738498022842
29.464989866666667,25984.0,73.75,74.79828780935783
29.483133333333335,26000.0,75.75,65.1735075612528
29.5012768,26016.0,72.75,79.68303162146198
29.519420266666668,26032.0,68.5,101.08581828150292
29.537563733333332,26048.0,68.75,99.7945656567389
29.5557072,26064.0,69.5,95.94677244781872
29.573850666666665,26080.0,72.0,83.38131479800325
29.591994133333333,26096.0,72.0,83.38131479800325
29.6101376,26112.0,76.0,63.982876181574035
29.628281066666663,26128.0,71.5,85.86428581831031
29.646424533333334,26144.0,65.25,118.30403965285542
29.664568,26160.0,65.5,116.94906407594183
29.682711466666667,26176.0,66.0,114.25516395965548
29.700854933333332,26192.0,66.0,114.25516395965548
29.7189984,26208.0,69.5,95.94677244781872
29.73714186666667,26224.0,70.5,90.87436838804769
29.755285333333333,26240.0,71.5,85.86428581831031
29.7734288,26256.0,69.5,95.94677244781872
29.791572266666662,26272.0,68.75,99.7945656567389
29.809715733333334,26288.0,64.25,123.77942112752848
29.8278592,26304.0,67.5,106.2960227965878
29.846002666666667,26320.0,66.75,110.25321141392983
29.864146133333332,26336.0,70.0,93.402514628412
29.8822896,26352.0,67.5,106.2960227965878
29.90043306666667,26368.0,68.5,101.08581828150292
29.918576533333333,26384.0,68.0,103.681735252092
29.93672,26400.0,69.0,98.50768764100005
29.954863466666666,26416.0,70.25,92.13646120746093
29.973006933333338,26432.0,69.75,94.67259576027487
29.9911504,26448.0,70.0,93.402514628412
30.009293866666667,26464.0,70.25,92.13646120746093
30.027437333333335,26480.0,68.75,99.7945656567389
30.0455808,26496.0,70.75,89.61616978071207
30.063724266666668,26512.0,69.25,97.22511328698938
30.081867733333333,26528.0,174.5,-2665.1140982864345
30.1000112,26544.0,0.0,
30.118154666666666,26560.0,71.0,88.36179970071956
30.136298133333337,26576.0,70.0,93.402514628412
30.1544416,26592.0,71.0,88.36179970071956
30.172585066666667,26608.0,72.0,83.38131479800325
30.190728533333335,26624.0,68.5,101.08581828150292
30.208872,26640.0,70.25,92.13646120746093
30.227015466666668,26656.0,66.5,111.5821168584894
30.245158933333332,26672.0,67.75,104.98654564989876
30.2633024,26688.0,71.75,84.62101403730162
30.281445866666665,26704.0,69.0,98.50768764100005
30.299589333333333,26720.0,70.75,89.61616978071207
30.3177328,26736.0,71.25,87.11119315315771
30.335876266666663,26752.0,70.25,92.13646120746093
30.354019733333335,26768.0,69.5,95.94677244781872
30.3721632,26784.0,64.75,121.03046244371558
30.390306666666667,26800.0,69.5,95.94677244781872
30.408450133333332,26816.0,72.25,82.14512572119739
30.4265936,26832.0,71.75,84.62101403730162
30.44473706666667,26848.0,73.75,74.79828780935783
30.462880533333333,26864.0,69.25,97.22511328698938
30.481024,26880.0,67.25,107.61024190454502
30.499167466666663,26896.0,70.75,89.61616978071207
30.517310933333334,26912.0,71.25,87.11119315315771
30.5354544,26928.0,71.25,87.11119315315771
30.553597866666667,26944.0,73.5,76.01469211378823
30.571741333333332,26960.0,75.25,67.56274988263415
30.5898848,26976.0,72.25,82.14512572119739
30.60802826666667,26992.0,172.75,-2017.2082339451777
30.626171733333333,27008.0,69.0,98.50768764100005
30.6443152,27024.0,67.5,106.2960227965878
30.662458666666662,27040.0,72.25,82.14512572119739
30.680602133333338,27056.0,72.75,79.68303162146198
30.6987456,27072.0,75.0,68.76147005860551
30.716889066666667,27088.0,73.75,74.79828780935783
30.735032533333335,27104.0,72.5,80.9123850469892
30.753176,27120.0,69.75,94.67259576027487
30.771319466666668,27136.0,67.5,106.2960227965878
30.789462933333333,27152.0,68.0,103.681735252092
30.8076064,27168.0,66.75,110.25321141392983
30.825749866666666,27184.0,67.75,104.98654564989876
30.843893333333337,27200.0,67.25,107.61024190454502
30.8620368,27216.0,66.75,110.25321141392983
30.880180266666667,27232.0,172.75,-2017.2082339451777
30.898323733333335,27248.0,65.75,115.59946652519692
30.9164672,27264.0,66.0,114.25516395965548
30.934610666666668,27280.0,66.0,114.25516395965548
30.952754133333332,27296.0,71.0,88.36179970071956
30.9708976,27312.0,71.5,85.86428581831031
30.989041066666665,27328.0,72.0,83.38131479800325
31.007184533333337,27344.0,73.0,78.45700488356816
31.025328,27360.0,171.75,-1769.8862963933425
31.043471466666663,27376.0,63.5,127.94666034587895
31.061614933333335,27392.0,62.0,136.4479655017699
31.0797584,27408.0,69.5,95.94677244781872
31.097901866666668,27424.0,68.5,101.08581828150292
31.116045333333332,27440.0,72.25,82.14512572119739
31.1341888,27456.0,74.5,71.16738498022842
31.152332266666665,27472.0,171.5,-1717.0932114556838
31.170475733333333,27488.0,60.75,143.71483321022643
31.1886192,27504.0,62.25,135.01499725228427
31.206762666666663,27520.0,63.25,129.34778345790798
31.224906133333334,27536.0,67.0,108.9292790943252
31.2430496,27552.0,68.5,101.08581828150292
31.261193066666667,27568.0,73.0,78.45700488356816
31.279336533333332,27584.0,68.0,103.681735252092
31.29748,27600.0,69.25,97.22511328698938
31.31562346666667,27616.0,65.0,119.66447737126715
31.333766933333333,27632.0,66.75,110.25321141392983
31.3519104,27648.0,70.0,93.402514628412
31.370053866666662,27664.0,69.75,94.67259576027487
31.388197333333338,27680.0,69.75,94.67259576027487
31.4063408,27696.0,71.0,88.36179970071956
31.424484266666667,27712.0,70.0,93.402514628412
31.442627733333335,27728.0,71.25,87.11119315315771
31.4607712,27744.0,70.75,89.61616978071207
31.478914666666668,27760.0,71.0,88.36179970071956
31.497058133333333,27776.0,72.0,83.38131479800325
31.5152016,27792.0,71.75,84.62101403730162
31.533345066666666,27808.0,73.0,78.45700488356816
31.551488533333337,27824.0,0.0,
31.569632,27840.0,71.5,85.86428581831031
31.587775466666667,27856.0,69.0,98.50768764100005
31.605918933333335,27872.0,67.25,107.61024190454502
31.6240624,27888.0,64.75,121.03046244371558
31.642205866666668,27904.0,69.5,95.94677244781872
31.660349333333333,27920.0,71.5,85.86428581831031
31.6784928,27936.0,75.75,65.1735075612528
31.696636266666665,27952.0,0.0,
31.714779733333337,27968.0,168.75,-1290.122395316108
31.7329232,27984.0,73.75,74.79828780935783
31.751066666666667,28000.0,71.25,87.11119315315771
31.769210133333335,28016.0,71.25,87.11119315315771
31.7873536,28032.0,11.75,1233.7544750334646
31.805497066666668,28048.0,11.25,1290.1223953161077
31.823640533333332,28064.0,0.0,
31.841784,28080.0,176.25,-3915.2844363020095
31.859927466666665,28096.0,69.5,95.94677244781872
31.878070933333333,28112.0,70.0,93.402514628412
31.8962144,28128.0,68.5,101.08581828150292
31.914357866666663,28144.0,69.0,98.50768764100005
31.932501333333335,28160.0,68.75,99.7945656567389
31.9506448,28176.0,72.25,82.14512572119739
31.968788266666667,28192.0,70.75,89.61616978071207
31.986931733333332,28208.0,68.5,101.08581828150292
32.0050752,28224.0,178.0,-7348.672540634704
32.023218666666665,28240.0,67.5,106.2960227965878
32.04136213333334,28256.0,68.0,103.681735252092
32.0595056,28272.0,69.75,94.67259576027487
32.077649066666666,28288.0,72.5,80.9123850469892
32.09579253333333,28304.0,70.25,92.13646120746093
32.113936,28320.0,72.0,83.38131479800325
32.13207946666667,28336.0,67.5,106.2960227965878
32.15022293333333,28352.0,68.25,102.38151728006616
32.168366400000004,28368.0,67.5,106.2960227965878
32.18650986666667,28384.0,70.0,93.402514628412
32.20465333333333,28400.0,71.75,84.62101403730162
32.2227968,28416.0,73.25,77.23424485225071
32.24094026666667,28432.0,71.5,85.86428581831031
32.259083733333334,28448.0,70.5,90.87436838804769
32.2772272,28464.0,65.25,118.30403965285542
32.29537066666666,28480.0,63.75,126.55162024907509
32.313514133333335,28496.0,68.25,102.38151728006616
32.3316576,28512.0,69.75,94.67259576027487
32.349801066666664,28528.0,69.5,95.94677244781872
32.367944533333336,28544.0,68.75,99.7945656567389
32.386088,28560.0,69.5,95.94677244781872
32.404231466666666,28576.0,69.25,97.22511328698938
32.42237493333333,28592.0,70.5,90.87436838804769
32.4405184,28608.0,67.75,104.98654564989876
32.45866186666667,28624.0,70.0,93.402514628412
32.47680533333333,28640.0,71.0,88.36179970071956
32.4949488,28656.0,73.25,77.23424485225071
32.51309226666667,28672.0,71.25,87.11119315315771
32.53123573333333,28688.0,69.0,98.50768764100005
32.5493792,28704.0,66.25,112.91607439036146
32.56752266666667,28720.0,69.0,98.50768764100005
32.58566613333333,28736.0,176.0,-3669.855563687785
32.6038096,28752.0,69.75,94.67259576027487
32.62195306666667,28768.0,71.0,88.36179970071956
32.640096533333335,28784.0,70.0,93.402514628412
32.65824,28800.0,66.25,112.91607439036146
32.676383466666664,28816.0,67.25,107.61024190454502
32.694526933333336,28832.0,68.75,99.7945656567389
32.7126704,28848.0,66.25,112.91607439036146
32.730813866666665,28864.0,71.75,84.62101403730162
32.74895733333334,28880.0,72.75,79.68303162146198
32.7671008,28896.0,74.5,71.16738498022842
32.785244266666666,28912.0,73.75,74.79828780935783
32.80338773333333,28928.0,73.0,78.45700488356816
32.8215312,28944.0,69.5,95.94677244781872
32.83967466666667,28960.0,67.5,106.2960227965878
32.85781813333333,28976.0,66.0,114.25516395965548
32.875961600000004,28992.0,65.25,118.30403965285542
32.89410506666667,29008.0,65.0,119.66447737126715
32.91224853333333,29024.0,66.5,111.5821168584894
32.930392,29040.0,63.75,126.55162024907509
32.94853546666667,29056.0,64.75,121.03046244371558
32.966678933333334,29072.0,66.5,111.5821168584894
32.9848224,29088.0,65.75,115.59946652519692
33.00296586666666,29104.0,72.0,83.38131479800325
33.021109333333335,29120.0,74.25,72.37469176865274
33.0392528,29136.0,72.5,80.9123850469892
33.057396266666665,29152.0,72.0,83.38131479800325
33.075539733333336,29168.0,71.75,84.62101403730162
33.0936832,29184.0,71.25,87.11119315315771
33.111826666666666,29200.0,67.0,108.9292790943252
33.12997013333333,29216.0,67.25,107.61024190454502
33.1481136,29232.0,67.25,107.61024190454502
33.16625706666667,29248.0,69.75,94.67259576027487
33.18440053333333,29264.0,66.75,110.25321141392983
33.202544,29280.0,69.5,95.94677244781872
33.22068746666667,29296.0,172.75,-2017.2082339451777
33.23883093333333,29312.0,69.75,94.67259576027487
33.2569744,29328.0,68.75,99.7945656567389
33.27511786666667,29344.0,69.25,97.22511328698938
33.293261333333334,29360.0,69.0,98.50768764100005
33.3114048,29376.0,70.5,90.87436838804769
33.32954826666667,29392.0,73.75,74.79828780935783
33.347691733333335,29408.0,73.75,74.79828780935783
33.3658352,29424.0,73.75,74.79828780935783
33.383978666666664,29440.0,68.5,101.08581828150292
33.402122133333336,29456.0,65.75,115.59946652519692
33.4202656,29472.0,71.0,88.36179970071956
33.438409066666665,29488.0,70.25,92.13646120746093
33.45655253333334,29504.0,73.0,78.45700488356816
33.474696,29520.0,73.0,78.45700488356816
33.492839466666666,29536.0,73.0,78.45700488356816
33.51098293333333,29552.0,69.0,98.50768764100005
33.5291264,29568.0,60.0,148.16037655502615
33.54726986666667,29584.0,65.75,115.59946652519692
33.56541333333333,29600.0,62.5,133.58859317783427
33.5835568,29616.0,71.25,87.11119315315771
33.60170026666667,29632.0,71.75,84.62101403730162
33.61984373333333,29648.0,70.0,93.402514628412
33.6379872,29664.0,69.25,97.22511328698938
33.65613066666667,29680.0,67.25,107.61024190454502
33.674274133333334,29696.0,65.5,116.94906407594183
33.6924176,29712.0,67.5,106.2960227965878
33.71056106666666,29728.0,71.5,85.86428581831031
33.728704533333335,29744.0,72.0,83.38131479800325
33.746848,29760.0,72.0,83.38131479800325
33.764991466666665,29776.0,68.5,101.08581828150292
33.783134933333336,29792.0,69.5,95.94677244781872
33.8012784,29808.0,67.5,106.2960227965878
33.819421866666666,29824.0,68.5,101.08581828150292
33.83756533333333,29840.0,70.0,93.402514628412
33.8557088,29856.0,68.5,101.08581828150292
33.87385226666667,29872.0,70.0,93.402514628412
33.89199573333333,29888.0,71.0,88.36179970071956
33.9101392,29904.0,66.25,112.91607439036146
33.92828266666667,29920.0,63.5,127.94666034587895
33.94642613333333,29936.0,66.5,111.5821168584894
33.9645696,29952.0,67.25,107.61024190454502
33.98271306666667,29968.0,69.75,94.67259576027487
